Code,denumire_coloana,Shannon,Simpson
1017,Municipiul Alba Iulia,0.21697787568231894,-5.920680090614092
1071,Ciugud,0.04324458231362433,-18.987224023009496
1151,Oras Abrud,0.07188986815877803,-17.977484427206818
1213,Municipiul Aiud,0.6172541869797761,-15.662283274431882
1348,Municipiul Blaj,0.557939453332671,-17.719539443610493
1455,Oras Campeni,0.1336526101904815,-19.942388555053522
1696,Oras Cugir,0.22099635430491113,-14.911662052079645
1794,Oras Ocna Mures,0.5632453773649105,-17.711524369692242
1874,Municipiul Sebes,0.2805483431125468,-15.881788411416316
1936,Oras Zlatna,0.22606979136775768,-17.89855855953406
2130,Albac,0.08543810860182788,-19.966903244779925
2309,Almasu Mare,0.030132436345304568,-19.99055139400737
2381,Arieseni,0.01276313153495814,-19.99653580719606
2577,Avram Iancu,0.33499420233938537,-19.812741256921456
2915,Oras Baia De Aries,0.03170656643487512,-19.989964836094348
2988,Berghin,0.2939448604575742,-17.876546006968372
3039,Bistra,0.03516389021123107,-19.988654782718648
3397,Blandiana,0.09095862014156512,-19.964257656531302
3459,Bucium,-0.0,-21.0
3761,Cenade,0.5158942577759259,-17.738385671053393
3805,Cergau,0.3793084722542086,-19.779290758314264
3841,Ceru-Bacainti,-0.0,-21.0
3958,Cetatea De Balta,1.0483384624671515,-17.378220995631615
4008,Ciuruleasa,-0.0,-21.0
4106,Calnic,0.5847291648081275,-18.616157860083923
4142,Cricau,0.09429925297324868,-18.96573781587447
4188,Craciunelu De Jos,0.18270962908742056,-18.925476575157113
4240,Daia Romana,0.018039808209698752,-19.994824434100213
4268,Dostat,0.11651011918336929,-19.951455651130978
4302,Farau,0.7131810368581855,-18.579147405815533
4366,Galda De Jos,0.27062230083658845,-18.866369605414437
4482,Garbova,0.39494728961801084,-17.809949370455733
4525,Garda De Sus,-0.0,-21.0
4703,Hoparta,0.5119167257891248,-18.693979793388568
4767,Horea,0.15192152097268763,-19.93233386946897
4927,Ighiu,0.15385307234537027,-18.938180690889904
4981,Intregalde,-0.0,-21.0
5103,Jidvei,0.7119451935089546,-17.585305925292467
5167,Livezile,0.05984092166950026,-18.981281881269325
5210,Lopadea Noua,0.7113265016381164,-18.49848235670688
5309,Lunca Muresului,0.8974245618893981,-18.469522259261126
5336,Lupsa,-0.0,-21.0
5577,Metes,0.03495776324846581,-18.9900164428428
5700,Mihalt,0.08176629776156955,-18.971317339298757
5755,Miraslau,0.753603335435751,-18.539074147042363
5826,Mogos,-0.0,-21.0
6048,Noslac,0.5850183930929658,-18.68172918787689
6119,Ocolis,-0.0,-21.0
6164,Ohaba,0.12182417163962067,-19.94868430924071
6217,Pianu,0.04847974828391938,-17.986141770856054
6271,Poiana Vadului,-0.0,-21.0
6397,Ponor,-0.0,-21.0
6468,Posaga,-0.0,-21.0
6547,Radesti,0.5929716148578166,-18.657039264290468
6592,Rametea,0.40830091560700565,-18.766322384693282
6627,Ramet,-0.0,-21.0
6761,Rosia Montana,0.40155661618215976,-18.770489747702722
6930,Rosia De Secas,0.238964240738282,-17.894455766714017
6976,Salciua,-0.0,-21.0
7044,Salistea,-0.0,-21.0
7099,Sasciori,0.0442254079015119,-18.98638353610477
7197,Scarisoara,0.4349609564566659,-19.7350535486717
7348,Sancel,0.22612202024357614,-18.89487188592642
7384,Santimbru,0.13238188542973867,-18.951051505878638
7446,Sohodol,0.11455834515028669,-19.95246442263324
7767,Stremt,0.032029602415930496,-19.98984368399123
7810,Sibot,0.1446648641446663,-19.936374653739612
7865,Sona,0.7709217329644924,-17.552144460552714
7945,Spring,0.19983742703085056,-17.917485268228276
8014,Sugag,0.020625363780945764,-19.993948618521188
8096,Oras Teius,0.45216123974196143,-17.7795630518842
8158,Unirea,0.7676980533229179,-17.572160977612718
8229,Vadu Motilor,-0.0,-21.0
8354,Valea Lunga,0.3113652149587083,-17.86908953510209
8425,Vidra,0.013558971840302553,-19.99628484258877
8826,Vintu De Jos,0.16402668245016513,-15.941199531381681
9019,Cut,0.08200297558882677,-19.968526570197945
9026,Bucerdea Granoasa,0.8632786042730511,-18.501505267521168
9262,Municipiul Arad,0.5534393314478485,-1.746994170189863
9280,Fantanele,0.5411327853067436,-14.758338563897647
9333,Livada,0.39875792322424086,-15.811422307377011
9360,Sofronea,0.6542137833009979,-18.55068189951415
9397,Vladimirescu,0.2494733500476468,-9.912570615375214
9459,Oras Chisineu-Cris,0.7637123414896361,-14.583791907524741
9495,Oras Curtici,0.4768449064401105,-15.767285047989489
9538,Oras Ineu,0.5077848711638662,-13.761631027700622
9574,Oras Lipova,0.30374610814870706,-12.885494665922666
9627,Oras Nadlac,1.0305434641369942,-12.418982933675057
9654,Oras Pancota,0.7598329447410574,-15.63557023638208
9690,Oras Sebis,0.3694552709113685,-15.830936613831298
9743,Almas,0.09090543549651506,-19.96428335693639
9798,Apateu,0.13883940738896397,-18.942400025464462
9832,Archis,0.212002402383283,-19.896662787457586
9887,Bata,0.16870329409673798,-18.928343356560426
9930,Beliu,0.39222824447491755,-16.835976200319003
10006,Birchis,0.3321383678469378,-18.828188650928816
10051,Barsa,0.13542085501557677,-18.948844912190083
10104,Barzava,0.13276589670435401,-16.956848851229704
10195,Bocsig,0.14067664525067888,-18.94773784281795
10239,Brazii,-0.0,-21.0
10293,Buteni,0.05779664480784305,-18.98203962458775
10346,Carand,0.24626656526799323,-18.882230384654626
10373,Cermei,0.49331943901612085,-16.76899479322124
10417,Chisindia,0.1587839780672453,-19.9284570924671
10453,Conop,0.07946338711381755,-18.97345581445898
10514,Covasint,0.6272028147871359,-17.60367441547971
10532,Craiva,0.42583294964140717,-18.772251442088862
10649,Dezna,0.017780574600977775,-19.99491097459392
10701,Dieci,0.08685987384967697,-19.96622619005444
10765,Ususau,0.03641262608726291,-18.98953119786453
10827,Felnac,0.6752802458183593,-15.656674454115894
10872,Ghioroc,0.5309707275192674,-15.712790981276676
10916,Graniceri,0.3410115922880015,-17.84528097796717
10943,Gurahont,0.13302046015991784,-16.955036774472152
11058,Halmagiu,0.016900389936970565,-18.995690440453394
11174,Halmagel,-0.0,-21.0
11236,Hasmas,0.1155937170701411,-19.951929906152294
11307,Ignesti,-0.0,-21.0
11352,Iratosu,0.8028064580759764,-16.47818501742167
11398,Macea,0.44602001555949133,-16.80342169948009
11423,Misca,1.1012160869098724,-17.340150803252577
11478,Moneasa,0.06549147980398042,-18.978973392101288
11502,Olari,1.0689796204509796,-15.416296963340905
11539,Paulis,0.3697910764735881,-14.846608607220814
11584,Oras Pecica,0.9412075909331914,-11.472472550234361
11637,Peregu Mare,1.4637600389149623,-13.304887272616147
11664,Petris,0.059387374443218136,-17.982664599265615
11735,Pilu,0.5607700908681378,-18.70477809955199
11762,Plescuta,0.02693705228781828,-19.99172199730654
11842,Savarsin,0.06836477900497528,-17.978925710705614
11940,Secusigiu,0.5965983203889642,-15.739538052728562
11995,Seleus,0.03631425233032663,-18.989351282564556
12037,Semlac,0.6460617967026597,-14.713839670470891
12055,Sintea Mare,1.1355895479801228,-16.38138184904801
12091,Oras Santana,0.5529044501321382,-14.742241152418526
12126,Socodor,0.453114288040084,-17.78095594605211
12144,Sagu,0.46694149961601805,-13.79661755826591
12206,Seitin,0.41627493926003595,-15.800147451658486
12224,Sepreus,0.4274189922200805,-17.759057220163246
12242,Sicula,0.11648352067405819,-15.961096299511656
12288,Silindia,0.4883517857591667,-16.75659897105482
12340,Simand,0.484427715920608,-17.764583424583066
12368,Siria,0.5739081489776723,-15.719239362318774
12402,Sistarovat,0.05270323492540749,-19.981596679734302
12457,Taut,0.1519833088543868,-16.949973439236
12509,Tarnova,0.4510527003997164,-15.777918395275641
12572,Varadia De Mures,0.045899675815162536,-17.987138168318214
12643,Vinga,1.2403332825746358,-13.392854729511326
12689,Varfurile,0.09226454796495076,-17.96745780371644
12778,Zabrani,0.13362796465659435,-15.956240773200989
12812,Zarand,0.1565302658484666,-18.933281298345356
12849,Zerind,0.39114910361438204,-18.804536080989703
12876,Zimandu Nou,0.754906913341504,-16.51852833289725
12912,Dorobanti,0.418868917968097,-16.798794864874388
12920,Frumuseni,0.24022868394580682,-16.908698301838747
12938,Zadareni,0.18629871133139772,-17.931224743837756
13169,Municipiul Pitesti,0.06158441167078511,-4.982925430807481
13187,Bascov,0.055362308028062364,-17.982147741797995
13276,Bradu,0.07605566730604152,-18.972771555559383
13301,Oras Mioveni,0.04714099566605315,-15.98536687079531
13365,Maracineni,0.09079269289749896,-17.967026570439796
13392,Oras Stefanesti,0.2520570373085222,-16.879850707860957
13490,Municipiul Campulung,0.11019569090025057,-14.958986888222759
13524,Valea Mare Pravat,0.5399711647462264,-19.645178787330646
13622,Municipiul Curtea De Arges,0.04136936335122452,-14.988731767655956
13668,Oras Costesti,0.07355208593955571,-18.973092925102357
13757,Oras Topoloveni,0.028384307424115515,-17.991962058226115
13819,Albestii De Arges,0.027982183645278484,-19.991342155009452
13891,Albestii De Muscel,-0.0,-21.0
13935,Albota,0.020340936925572026,-19.994046061201946
13999,Aninoasa,0.48095879508267336,-19.696691471038605
14049,Arefu,-0.0,-21.0
14085,Babana,-0.0,-21.0
14165,Baiculesti,0.10062167623992009,-18.9607241517107
14272,Balilesti,0.17388455877439488,-19.919741419948437
14352,Beleti-Negresti,0.0583559707685421,-19.979190646626883
14405,Berevoesti,0.5936451649918606,-19.596155205790758
14450,Barla,0.005047410529259449,-19.998801678081996
14584,Bogati,0.06370824888276715,-19.97685906747376
14673,Boteni,0.08310345798765681,-19.96800846057241
14726,Botesti,-0.0,-21.0
14753,Bradulet,-0.0,-21.0
14851,Budeasa,0.10194224938141604,-19.958863836715736
14922,Bughea De Jos,0.37441376460679116,-19.783064186302525
14940,Buzoesti,0.004394286636536489,-19.99897575991383
15064,Caldararu,0.022074624627944253,-19.993448064228417
15108,Calinesti,0.050021839643431217,-18.983478994567463
15233,Cateasca,0.05038181592887878,-18.983617065624276
15313,Cepari,-0.0,-21.0
15402,Cetateni,0.5713064074053795,-19.616805555555555
15448,Cicanesti,-0.0,-21.0
15493,Ciofrangeni,-0.0,-21.0
15554,Ciomagesti,-0.0,-21.0
15652,Cocu,-0.0,-21.0
15741,Corbeni,0.006345485907611662,-19.99844569746245
15830,Corbi,0.03219255831546734,-19.98978246895544
15901,Cosesti,0.3193320351909546,-18.82659722031156
15983,Cotmeana,-0.0,-21.0
16132,Cuca,-0.0,-21.0
16285,Davidesti,0.5311219214820928,-19.653064620844876
16329,Dambovicioara,-0.0,-21.0
16365,Darmanesti,0.036093356858327125,-19.98829765526999
16427,Dobresti,-0.0,-21.0
16454,Domnesti,0.06194790058687591,-19.977631498126573
16472,Dragoslavele,0.5245697323335106,-19.658867145781418
16506,Draganu,-0.0,-21.0
16551,Godeni,0.029719902410244928,-19.990704053981283
16613,Harsesti,0.09515674308211397,-19.962216161769206
16659,Hartiesti,0.592436282194104,-19.597281653269327
16739,Izvoru,0.44946766551283956,-19.723127710814786
16757,Leordeni,0.15977023502835738,-19.92789555944412
16908,Leresti,0.25616791403536454,-18.87057004729447
16944,Lunca Corbului,-0.0,-21.0
17049,Malureni,0.2950875815395532,-19.841456831659286
17101,Merisani,0.24716162491820348,-19.874087500417655
17209,Micesti,0.022329929223294895,-17.994393962405187
17254,Mihaesti,0.5118848249876549,-18.673845108185407
17334,Mioarele,-0.0,-21.0
17398,Mirosi,-0.0,-21.0
17423,Moraresti,-0.0,-21.0
17496,Mosoaia,0.028879009321340333,-19.991013842300788
17575,Mozaceni,-0.0,-21.0
17619,Musatesti,0.06347790179423937,-19.97696044910311
17726,Negrasi,0.06111105155526686,-19.97799679908832
17771,Nucsoara,-0.0,-21.0
17824,Oarja,0.13169155653241765,-19.943444245451975
17851,Pietrosani,0.2011624556929255,-19.903378122818797
17913,Poienarii De Arges,0.07602915089323983,-19.971306531456754
17968,Poienarii De Muscel,0.27532645224631763,-19.85516293682248
18028,Poiana Lacului,0.007338370879607994,-19.99816541967828
18162,Popesti,-0.0,-21.0
18242,Priboieni,0.1030135270950743,-19.95832875373596
18331,Ratesti,0.2653787936397037,-17.868603223317557
18411,Recea,0.13159830403690218,-19.943494329332704
18475,Rociu,0.02314441775544888,-19.993074342958515
18527,Rucar,0.0620017284446343,-18.978737877175238
18554,Salatrucu,0.03433657601275811,-19.98897092739194
18581,Sapata,0.016383832233843335,-19.995373072883847
18670,Schitu Golesti,0.43035439449485685,-19.738806868427222
18741,Slobozia,0.09244359525217268,-19.963538421723584
18778,Stalpeni,0.030537973456956816,-19.990400891055636
18858,Stoenesti,0.37677016125643675,-19.78125
18938,Stolnici,0.14216644985481797,-19.93775167907158
19007,Suseni,0.04879834412865135,-18.984881608090717
19114,Stefan Cel Mare,-0.0,-21.0
19141,Suici,-0.0,-21.0
19212,Teiu,0.10002826522330649,-19.959815910585142
19249,Tigveni,0.023761353126035535,-19.992857234619287
19338,Titesti,0.15052206850560854,-19.93311787035153
19392,Uda,-0.0,-21.0
19560,Ungheni,-0.0,-21.0
19631,Valea Danului,-0.0,-21.0
19695,Valea Iasului,-0.0,-21.0
19793,Vedea,-0.0,-21.0
19999,Vladesti,0.32414328187977215,-19.820683901000976
20048,Raca,-0.0,-21.0
20055,Vulturesti,0.11051434015336566,-19.95453876315198
20063,Bughea De Sus,0.6208817425538667,-19.570507136585114
20297,Municipiul Bacau,0.08612952795326075,-5.97391110465887
20313,Hemeius,0.030648062825649358,-17.991957263042615
20359,Letea Veche,0.012010379852627765,-18.997081360672855
20411,Magura,0.012359868137993201,-18.996984549661803
20466,Margineni,0.017797702659090787,-17.995673784809178
20563,Municipiul Onesti,0.07345929617497966,-11.978413629252318
20607,Gura Vaii,0.2774305367621471,-19.853720131275455
20670,Stefan Cel Mare,0.49641156665951436,-19.683448705706653
20778,Oras Buhusi,0.33514687754862016,-16.821888371481602
20821,Oras Comanesti,0.17945051869030232,-15.924355462703435
20876,Municipiul Moinesti,0.23184916829580882,-16.89265532165598
20910,Oras Slanic-Moldova,0.014307145085885301,-19.996046469673836
20965,Oras Targu Ocna,0.10485580448059877,-15.963008845478047
21007,Agas,0.19780476913763725,-18.913149076327866
21098,Ardeoani,-0.0,-21.0
21123,Asau,0.1431835379308023,-19.937191985838815
21196,Balcani,0.21815490422055853,-17.917655615176862
21249,Beresti-Bistrita,0.3443220066345768,-19.805834552307672
21338,Beresti-Tazlau,0.004914347245628926,-19.998837434998972
21418,Berzunti,0.3187045210258403,-19.82462745568103
21454,Barsanesti,0.02807246415593353,-18.99196348566308
21506,Blagesti,0.3874840668405966,-18.77580113954438
21560,Bogdanesti,-0.0,-21.0
21597,Brusturoasa,0.04162107118944936,-18.987712796297775
21668,Buhoci,0.014465043829944124,-18.996387369882953
21720,Casin,0.09466239061192484,-19.962457867594626
21757,Caiuti,0.10447148215748361,-19.957598016842187
21855,Cleja,0.2150565440890762,-18.912865933983213
21891,Colonesti,-0.0,-21.0
21971,Corbasca,0.6501512028074515,-19.542376133573367
22059,Cotofanesti,0.5840090700314493,-18.63843809741247
22111,Damienesti,0.01314482412239388,-19.99641578216207
22166,Oras Darmanesti,0.2982009723161878,-15.846415422954564
22237,Dealu Morii,-0.0,-21.0
22380,Dofteana,0.0741360584799587,-18.97337088887749
22460,Faraoani,0.20188259054779842,-17.9247256985727
22488,Filipeni,-0.0,-21.0
22576,Filipesti,0.1435873537572155,-18.938806439834053
22665,Gaiceana,0.06818946942268443,-18.9780828057167
22718,Ghimes-Faget,0.8232825375803434,-17.472940402225085
22781,Garleni,0.08435045488644603,-17.972656944678896
22834,Glavanesti,0.036329757745777055,-19.98820649818129
22898,Helegiu,-0.0,-21.0
22941,Horgesti,0.012039745045765524,-19.996761516730643
23047,Huruiesti,-0.0,-21.0
23127,Izvoru Berheciului,-0.0,-21.0
23207,Lipova,0.02366059866147824,-19.992892769855985
23289,Livezi,0.24007121778186136,-19.87873568263588
23350,Luizi-Calugara,0.060207251379137815,-18.979692776788962
23387,Magiresti,-0.0,-21.0
23449,Manastirea Casin,0.018393090198006577,-18.995225145373926
23494,Motoseni,-0.0,-21.0
23644,Negri,-0.0,-21.0
23715,Nicolae Balcescu,0.12594259625292356,-17.95511921779336
23797,Oituz,0.012232514457796724,-18.99696500731247
23868,Oncesti,-0.0,-21.0
23948,Orbeni,0.006663577932199239,-19.998356615737535
23975,Palanca,0.03914958595178781,-19.987109198181475
24034,Parava,0.46426860450704366,-19.710795345979793
24089,Parincea,0.08470760513818357,-17.97333823858203
24187,Pancesti,0.11581032077743827,-19.95181790765226
24276,Pargaresti,0.016330216823544786,-19.99539066760134
24338,Parjol,0.2604779127868154,-18.88900170836467
24427,Plopana,0.019215460994747396,-19.994429012827315
24524,Podu Turcului,-0.0,-21.0
24631,Poduri,0.1498400577485048,-19.933499130815207
24711,Racova,-0.0,-21.0
24766,Racaciuni,0.388546139664425,-16.83580909985323
24837,Rachitoasa,0.06001943198007212,-19.978471449521805
24999,Rosiori,-0.0,-21.0
25068,Sascut,0.1329943274684225,-18.94430882226194
25148,Sanduleni,0.022936776927038712,-19.99314715533989
25228,Saucesti,0.03139995433074425,-16.99204844736675
25291,Scorteni,0.08287924127579001,-19.96811417144464
25362,Secuieni,-0.0,-21.0
25488,Solont,0.08216409514560195,-18.970424737427315
25521,Stanisesti,-0.0,-21.0
25629,Strugari,0.04661066708404777,-19.984121368177725
25692,Tamasi,-0.0,-21.0
25745,Tatarasti,-0.0,-21.0
25825,Targu Trotus,0.010913852952177509,-19.997108041594082
25861,Traian,-0.0,-21.0
25932,Ungureni,-0.0,-21.0
26029,Urechesti,0.021197149656292123,-18.99440610227165
26083,Valea Seaca,0.6532757572371001,-19.539338627122184
26118,Vultureni,0.014353072514753037,-19.996031761715987
26289,Zemes,-0.0,-21.0
26320,Sarata,-0.0,-21.0
26338,Buciumi,0.5587864784934213,-19.62822567389875
26346,Gioseni,0.09984218654074391,-17.966396104157013
26353,Odobesti,-0.0,-21.0
26361,Prajesti,-0.0,-21.0
26379,Itesti,0.03931678792384313,-18.988461772885003
26564,Municipiul Oradea,0.6835877339980158,-3.5961412200875618
26582,Sanmartin,0.4728923943543458,-14.776762822173065
26653,Santandrei,0.6370551635270733,-15.710539821787012
26699,Oras Alesd,1.0379477657038974,-15.459021404263051
26742,Astileu,0.48015659139331723,-16.787488407055505
26804,Municipiul Beius,0.40476483293269094,-14.812687881619151
26840,Oras Stei,0.1622034125422068,-16.933410588514434
26877,Municipiul Marghita,0.9058401506905532,-14.445981696479494
26920,Oras Nucet,0.3325460819283102,-17.855382668021484
26975,Municipiul Salonta,0.8005888329830932,-13.491175392324983
27007,Oras Vascau,0.18188193427358934,-17.92779831643599
27070,Abram,0.6406001730135653,-17.66159254033753
27169,Abramut,0.9782984018401827,-17.42405150255999
27212,Auseu,0.5366853648677933,-17.733842434367734
27285,Avram Iancu,0.7554179555617672,-18.56917672930248
27329,Balc,0.9315691681056264,-17.45653226190016
27383,Batar,0.9444666988034564,-18.439739268143978
27436,Biharia,0.521755091610544,-16.71050197388936
27506,Boianu Mare,0.2561025472141547,-18.883336649324903
27560,Borod,0.6077011966571251,-17.687335304194885
27631,Bors,0.43375877961472414,-14.776706037495869
27686,Bratca,0.24406161874399787,-17.88986422177063
27757,Brusturi,0.5824225927489084,-16.729276608423454
27846,Budureasa,0.5493317109350336,-19.636776232246877
27908,Buduslau,0.22491307384630665,-18.902776917458
27935,Bulz,0.14782604732363583,-18.9403237489528
27971,Buntesti,0.02633557494626567,-18.99282004163929
28077,Cabesti,0.09036931685801497,-18.967566256605952
28139,Capalna,0.5552224963127438,-18.69434549517352
28193,Carpinet,0.1429861535740419,-17.946498060941828
28246,Cefa,0.5704696214753588,-17.71013271915255
28335,Ceica,0.07420341906565586,-18.975405333336003
28415,Cetariu,0.544331743716968,-18.698648067906287
28497,Cherechiu,0.22904702764986856,-18.905001313002224
28530,Chislaz,0.8650113848883396,-18.460303288478073
28610,Ciuhoi,0.859915278459731,-17.466963072362198
28665,Ciumeghiu,1.0388574420938983,-17.379727842747023
28709,Campani,-0.0,-21.0
28763,Cociuba Mare,0.32592772890615185,-18.83769187909355
28816,Copacel,0.403414070820556,-18.779246037953516
28889,Cristioru De Jos,0.1202814288558699,-18.953248358405084
28941,Curatele,0.0785826476882014,-18.972007662422605
29001,Curtuiseni,0.8990211528608564,-18.47372311585422
29038,Derna,0.7944618479579806,-17.564437985390235
29092,Diosig,1.0368454626681147,-18.376842342793886
29154,Dobresti,0.45091092879049793,-17.734689312237688
29243,Draganesti,0.38875543095351084,-18.811966202290673
29341,Dragesti,0.6535251452131556,-18.549507804788693
29403,Finis,0.8869305473316258,-17.462977842590487
29467,Girisu De Cris,0.8500027828912154,-16.51301265732009
29519,Hidiselu De Sus,0.2608669470890133,-16.888459266880048
29573,Holod,0.5701285765807875,-18.64581838906711
29662,Husasau De Tinca,0.5698336901338388,-18.653227139211324
29724,Ineu,0.8972994825125554,-18.459709433542066
29760,Lazuri De Beius,-0.0,-21.0
29813,Lazareni,0.5828873148194027,-18.616795253479115
29902,Lugasu De Jos,1.219974176882509,-17.3253687873528
29948,Lunca,0.07771973078206247,-17.974855749341348
30014,Madaras,0.6242425305737612,-15.716830916539116
30069,Magesti,0.419548016159629,-17.806886938316786
30149,Nojorid,0.3411301865257936,-15.849878344513762
30229,Olcea,0.400782957974237,-18.771807643946712
30274,Osorhei,0.8542551587765551,-16.518932171927926
30336,Pietroasa,0.2626504969269466,-19.863770293929477
30416,Pocola,0.07049078102517614,-18.976856680960516
30470,Pomezeu,0.13093503548888114,-18.94807653453538
30568,Popesti,0.7645011841598158,-16.616166817314095
30648,Rabagani,0.34280038556361103,-17.817692979609213
30719,Remetea,0.6525290114244774,-18.63912418888917
30773,Rieni,0.3926327721933575,-19.76892155870101
30844,Rosia,-0.0,-21.0
30871,Sacadat,0.3914348330508962,-18.796831379263857
30915,Oras Sacueni,0.6686002797043507,-18.63094368573467
30988,Salacea,0.24866157878844808,-18.8941241907065
31011,Salard,0.710857531765162,-16.572094413827045
31057,Sambata,0.04507909273177081,-19.984744313423295
31128,Sarbi,0.3014687983969966,-17.87886864600737
31208,Spinus,0.5811345602394156,-17.702649957258757
31262,Suplacu De Barcau,1.3348598266267668,-17.275090303791497
31333,Simian,0.8764336707726388,-17.49647415322469
31379,Sinteu,0.09707916741155646,-18.966479075370184
31422,Soimi,0.5057966504595464,-18.702906549989816
31510,Suncuius,0.37963045086910185,-18.814917991614863
31565,Tarcea,0.7640202773356414,-18.57332203947279
31609,Tarcaia,0.6982292644806661,-18.503891654778194
31654,Tauteu,1.0500854649898168,-17.384547656483946
31716,Tileagd,0.8541419560830598,-16.521646608823602
31789,Tinca,0.8683510763646457,-18.499430214766868
31841,Tulca,0.3737956700380395,-18.79345883058986
31878,Tetchea,0.8484240137788934,-17.51534934786411
31921,Uileacu De Beius,0.474689952773188,-18.708779500000002
31976,Vadu Crisului,0.8007375956545635,-16.549386712235577
32027,Oras Valea Lui Mihai,0.581570839131472,-15.697583186626957
32045,Viisoara,0.5146834934543136,-18.677473843696895
32090,Varciorog,0.08036552721877688,-18.973006890373934
32153,Tamaseu,0.5694129899109428,-18.68296720253626
32161,Paleu,0.5996458586483707,-16.61558892818273
32179,Sannicolau Roman,0.5379024737751429,-18.6860241528237
32187,Rosiori,0.7572077771169126,-18.498425117324345
32195,Gepiu,0.8030405925772302,-16.572293029258635
32201,Toboliu,0.3713520806402387,-18.82512256571296
32394,Municipiul Bistrita,0.35972185658197553,-9.843293862759486
32483,Oras Beclean,0.5830963843947925,-16.688699500149625
32544,Oras Nasaud,0.25634596625378064,-16.8860410665038
32599,Oras Sangeorz-Bai,0.08040084615910065,-17.973114885250936
32633,Bistrita Bargaului,0.028721598397062096,-17.992411832466917
32660,Branistea,0.660044119421558,-19.532736145448155
32704,Budacu De Jos,0.5123812431672914,-18.690196038682863
32768,Budesti,0.4653364796111724,-18.736246636761898
32811,Caianu Mic,0.03322926536870577,-18.99026947147602
32884,Cetate,0.5561636160862545,-17.661253665016304
32955,Ciceu-Giurgesti,0.11452532644912491,-18.956552664468923
33015,Chiochis,0.6619536386424221,-18.598312904375977
33122,Chiuza,0.08632073259393458,-18.97079887861565
33177,Cosbuc,-0.0,-21.0
33202,Dumitra,0.11701383871654779,-18.95458472239987
33248,Feldru,-0.0,-21.0
33275,Galatii Bistritei,0.6251849456043819,-17.68085171753502
33337,Ilva Mare,0.05752359114729054,-19.97954864869883
33364,Ilva Mica,0.05505762239077742,-18.983042277134835
33382,Josenii Bargaului,0.27889505821476507,-18.86321377297643
33435,Lechinta,0.75762599701419,-17.577306736812567
33514,Lesu,-0.0,-21.0
33541,Livezile,0.3185272677140385,-17.85141812970932
33603,Lunca Ilvei,-0.0,-21.0
33621,Maieru,0.01274098852743014,-18.99683126306303
33658,Matei,0.923511684575639,-17.442253891672735
33729,Magura Ilvei,0.224353620440901,-19.88886864627059
33765,Mariselu,0.4040671415394113,-18.80915838772877
33845,Micestii De Campie,0.6586112575980653,-18.60937522249911
33881,Milas,0.34871267581846477,-18.841162978262037
33952,Monor,0.2478485041149908,-18.88342560634279
33989,Nimigea,0.6348112980202228,-17.659924818844523
34075,Nuseni,0.5890808766729386,-18.619586641881376
34155,Parva,-0.0,-21.0
34173,Petru Rares,0.9873798642492513,-18.410365084369648
34235,Prundu Bargaului,0.03380483357215059,-16.991165383702207
34262,Rebra,-0.0,-21.0
34280,Rebrisoara,-0.0,-21.0
34333,Rodna,0.4791200500247726,-17.766863076337096
34360,Romuli,0.013330953143592658,-19.996357024881455
34397,Salva,-0.0,-21.0
34422,Silivasu De Campie,0.309691646013,-19.831106885869296
34477,Sanmihaiu De Campie,0.4112663217303897,-18.79471711835879
34547,Spermezeu,-0.0,-21.0
34618,Sant,-0.0,-21.0
34645,Sieu,0.4481093158747185,-17.783006425210807
34690,Sieu-Magherus,0.439028673292835,-18.75174265396342
34770,Sieu-Odorhei,0.32414280069360785,-17.836080892359877
34850,Sieut,0.1322856734278136,-18.946708412853944
34903,Sintereag,0.42967260386257805,-17.79304238617907
34985,Teaca,0.8185897365089455,-17.531282145131613
35054,Telciu,0.013041512658548336,-18.99676898734341
35090,Tiha Bargaului,0.17757294378967642,-19.91757476940287
35152,Tarlisua,0.0360067092693478,-19.988331034034058
35269,Uriu,0.6963754315503543,-17.596687462252937
35312,Urmenis,0.41075634236197206,-18.797100343879254
35429,Zagra,0.23222973876511854,-18.887415558689405
35731,Municipiul Botosani,0.10988096407727599,-9.963931022893489
35759,Curtesti,0.016444395819791215,-19.995353185053222
35839,Rachiti,-0.0,-21.0
35884,Stauceni,0.023154667563388385,-18.993777356403825
35946,Oras Darabani,-0.0,-21.0
36006,Municipiul Dorohoi,0.10106000817239406,-13.963456306453983
36060,Oras Saveni,0.1266464201734845,-19.946138554563113
36131,Albesti,0.15807368450684256,-19.928860826917877
36202,Avrameni,0.010420323445200316,-19.99725802545867
36300,Baluseni,0.20636328860463918,-19.900170977474893
36373,Braesti,-0.0,-21.0
36426,Broscauti,-0.0,-21.0
36453,Oras Bucecea,0.02169073808356737,-18.99421178281752
36499,Calarasi,-0.0,-21.0
36532,Concesti,-0.0,-21.0
36569,Copalau,0.10481618636220237,-19.95742482666492
36649,Cordareni,-0.0,-21.0
36676,Corlateni,-0.0,-21.0
36756,Corni,-0.0,-21.0
36809,Cotusca,-0.0,-21.0
36907,Cristesti,0.056465174278872224,-19.980002040608102
36952,Cristinesti,0.00684139480415089,-19.99830652111462
37011,Dersca,0.010147456161249116,-19.997340430247466
37057,Dangeni,0.007967598820567197,-19.997984550253733
37100,Dobarceni,-0.0,-21.0
37173,Draguseni,-0.0,-21.0
37217,Durnesti,0.02387313982243155,-19.99281777285319
37280,Oras Flamanzi,0.12018642927093633,-18.95065078120237
37324,Frumusica,0.056618726183052734,-19.979936391448025
37397,George Enescu,0.06594484007884505,-19.975869937065784
37459,Gorbanesti,-0.0,-21.0
37547,Havarna,-0.0,-21.0
37618,Hanesti,-0.0,-21.0
37672,Hiliseu-Horia,-0.0,-21.0
37734,Hlipiceni,0.06516642624737604,-19.976215162580285
37770,Hudesti,-0.0,-21.0
37823,Ibanesti,-0.0,-21.0
37850,Leorda,-0.0,-21.0
37912,Lunca,-0.0,-21.0
37958,Manoleasa,-0.0,-21.0
38063,Mihai Eminescu,0.013344157156431113,-18.99670771201723
38161,Mihaileni,0.5029632759591882,-18.723107177282607
38241,Mihalaseni,-0.0,-21.0
38321,Mileanca,-0.0,-21.0
38376,Mitoc,-0.0,-21.0
38456,Nicseni,0.018811984226504787,-19.99456525774191
38492,Paltinis,-0.0,-21.0
38544,Pomarla,0.013933962633011042,-19.99616565831942
38580,Prajeni,-0.0,-21.0
38633,Radauti-Prut,0.007404822621604313,-19.99814643347641
38679,Rauseni,0.031939931383351626,-19.98987734079232
38731,Ripiceni,-0.0,-21.0
38811,Roma,0.009699956498067236,-19.997474751510754
38848,Romanesti,-0.0,-21.0
38893,Santa Mare,-0.0,-21.0
38982,Suharau,0.008330652124301235,-19.99787911161598
39051,Sulita,0.07315004204944646,-19.97262630934542
39122,Sendriceni,-0.0,-21.0
39168,Oras Stefanesti,0.3113541647216495,-19.829916934366338
39220,Stiubieni,-0.0,-21.0
39266,Todireni,0.07457672416937171,-19.97197397632628
39328,Trusesti,0.08883235892756285,-19.965281923511128
39391,Tudora,-0.0,-21.0
39417,Ungureni,-0.0,-21.0
39532,Unteni,0.008702435457078255,-19.997770348373724
39612,Vaculesti,-0.0,-21.0
39658,Viisoara,-0.0,-21.0
39694,Varfu Campului,-0.0,-21.0
39738,Vladeni,-0.0,-21.0
39792,Vlasinesti,-0.0,-21.0
39836,Vorniceni,-0.0,-21.0
39872,Vorona,-0.0,-21.0
39942,Lozna,-0.0,-21.0
39959,Dimacheni,-0.0,-21.0
39967,Candesti,0.4452101115081688,-19.72664444662288
39975,Cosula,0.5165448938431754,-19.665931520167714
39983,Blandesti,-0.0,-21.0
40035,Adaseni,-0.0,-21.0
40198,Municipiul Brasov,0.3346893113004592,-0.8491819243493468
40214,Oras Ghimbav,0.2605233817940761,-13.900670255801835
40241,Municipiul Codlea,0.41546468514185625,-15.818959728137642
40278,Municipiul Fagaras,0.3677275553870691,-13.843717632001452
40303,Oras Predeal,0.1316181882741879,-15.955812069130207
40367,Oras Rasnov,0.21734208827126605,-15.919954761931638
40394,Oras Rupea,0.8136563558537185,-17.557503760755953
40438,Municipiul Sacele,0.6268898916918285,-14.620978408019772
40465,Oras Victoria,0.08756828739818569,-15.973660897959185
40492,Oras Zarnesti,0.21337010610235765,-15.916087085539612
40526,Apata,1.037357187217347,-18.371097494940667
40544,Beclean,0.41727758195185755,-16.78969701979586
40606,Bod,0.3898228855577229,-16.813085924057418
40633,Bran,0.038567422342600126,-17.989310124513516
40688,Budila,0.6681566417937775,-18.628986120275236
40704,Bunesti,0.8689105999027957,-17.51222211562183
40768,Cata,1.0912494283989804,-17.355686277794177
40820,Cincu,0.6433716744760233,-17.684503814364078
40857,Comana,0.4974608038144912,-19.682543139608175
40900,Cristian,0.20843051161925283,-15.921216815583925
40928,Dumbravita,0.17881001368937485,-17.926401655297337
40955,Feldioara,0.4534000223288658,-17.79015671737782
40991,Fundata,-0.0,-21.0
41033,Halchiu,0.7074176382649008,-17.624545222579922
41088,Harman,0.37873740302005504,-16.83939817318671
41113,Harseni,0.19757275571326238,-19.905575708628582
41177,Hoghiz,0.7453819413612534,-17.546388625328834
41248,Homorod,1.07762656665257,-17.375083668381215
41284,Jibert,0.9129332966432181,-17.512858574394464
41346,Lisa,0.2820637229050117,-19.850529081871578
41382,Maierus,0.8319769861073141,-17.477512928459596
41417,Mandra,0.16543098230564174,-18.93543736754536
41471,Moieciu,0.010546906535521369,-18.9974819034142
41541,Ormenis,1.0491814368397931,-17.36798652979197
41578,Parau,0.29955267920056117,-18.846458429688916
41621,Poiana Marului,-0.0,-21.0
41667,Prejmer,0.38117961560816527,-16.830229737446743
41701,Racos,1.006150848036736,-17.403229342031427
41738,Recea,0.18359954128056838,-18.91804013924153
41818,Sercaia,0.5521749877537186,-17.72514543685121
41854,Sinca,0.17944638236315538,-18.921789752650696
41925,Sanpetru,0.32842485678765465,-15.87009551911358
41943,Soars,0.5430181216599324,-17.737240017055196
42003,Tarlungeni,1.0944143567803373,-17.34067087420512
42058,Teliu,0.9357322469836763,-18.45038575698627
42076,Ticusu,0.8451598897043402,-18.512990582959052
42101,Ucea,0.08256493803586595,-19.968262226847035
42156,Ungra,0.42835073175245186,-17.8012035517401
42183,Vama Buzaului,0.14798830553186887,-19.934531599632766
42236,Vistea,0.37373141623591033,-18.791108493998088
42307,Voila,0.31204127634869705,-17.8539785662164
42398,Vulcan,0.30423644787887333,-17.870599070825254
42449,Sinca Noua,0.013303024286688754,-19.996365850928456
42456,Crizbav,0.5115475551471991,-17.7092190284505
42464,Sambata De Sus,0.14577165452680005,-19.935762298429378
42472,Holbav,-0.0,-21.0
42480,Dragus,-0.0,-21.0
42498,Augustin,0.7799969431053277,-18.482648569419865
42682,Municipiul Braila,0.15973876307433274,-5.94649038145411
42708,Chiscani,0.15778854044963436,-19.92902274456815
42753,Oras Faurei,0.31628313382502715,-19.82637505094219
42771,Surdila-Greci,-0.0,-21.0
42824,Baraganul,0.1744858738728667,-18.92205974501154
42842,Bertestii De Jos,0.37624488019555874,-17.794925770429362
42913,Bordei Verde,0.020841243587871348,-19.99387448354298
42968,Ciocile,0.1060085513992911,-19.956824505747797
43019,Ciresu,0.07855745376424887,-19.970136736411636
43073,Dudesti,0.09715509184954038,-19.961235578314565
43117,Frecatei,0.02962004108265712,-19.990740941049218
43180,Galbenu,0.24219414546278092,-19.87734895503373
43242,Gemenele,-0.0,-21.0
43279,Gradistea,0.34256709392526397,-19.807139503115767
43313,Gropeni,0.11799199094717522,-19.950686465868266
43331,Oras Ianca,0.1454548526117051,-17.93913699955026
43411,Oras Insuratei,0.2188546908610242,-19.892357252829303
43466,Jirlau,0.1835469823876436,-19.914034602512018
43493,Marasu,0.021509251132836468,-19.993644132398096
43563,Maxineni,0.10650847297016343,-17.963071690704574
43625,Mircea Voda,0.02724512039103246,-19.991610345721213
43652,Movila Miresii,0.22992961505156204,-19.885301071945214
43698,Racovita,0.018398315079101148,-19.994704362127028
43732,Ramnicelu,0.3638454175196023,-19.79114551306851
43787,Romanu,0.02644915704842033,-19.99189828218328
43812,Rosiori,0.05193669153506395,-19.981918322766262
43867,Salcia Tudor,-0.0,-21.0
43929,Scortaru Nou,-0.0,-21.0
43992,Silistea,-0.0,-21.0
44060,Stancuta,0.009189057109691614,-19.99762682031764
44113,Surdila-Gaiseanca,0.11113140431967991,-19.9542236328125
44140,Sutesti,0.603486641366229,-19.586946997023915
44177,Tichilesti,0.15640082017570014,-18.935209900197318
44202,Traian,0.1655791858272701,-19.92456617034034
44257,Tudor Vladimirescu,0.10611129248795796,-19.956772688850204
44300,Tufesti,-0.0,-21.0
44328,Ulmu,0.12381195820022765,-19.947638448663106
44355,Unirea,0.2706919605127392,-19.85832680883589
44391,Vadeni,0.028989880409822383,-19.9909731043278
44435,Victoria,0.08738671062455824,-19.965974544794676
44462,Visani,0.4147023470657096,-19.751437380247587
44505,Viziru,0.4872583255883238,-19.691314197374407
44532,Zavoaia,0.16172164944973907,-19.92678129800704
44560,Cazasu,0.051840823637321516,-19.981958469662374
44818,Municipiul Buzau,0.21433809183034752,-10.900927598848085
44845,Municipiul Ramnicu Sarat,0.3088435154037092,-15.834672806350845
44863,Amaru,0.0703413599145369,-19.97390091831503
44934,Balta Alba,0.056465174278872224,-19.980002040608102
44989,Balaceanu,0.11690684913753106,-19.95125
45003,Beceni,0.005790454905520373,-19.998599440463696
45101,Berca,0.03668044178058843,-19.988071032084733
45245,Bisoca,-0.0,-21.0
45334,Blajani,-0.0,-21.0
45361,Boldu,0.25499942141022847,-19.868894503610452
45389,Bozioru,0.02814757501759303,-19.99128177131097
45496,Bradeanu,0.14010114792706158,-19.938884437741542
45539,Braesti,-0.0,-21.0
45619,Breaza,0.12703481628997518,-19.94593225040734
45673,Buda,0.41671973529103434,-19.749820105993454
45753,Calvini,0.6802890401535073,-19.51280293460193
45815,C.a. Rosetti,0.010743643307474907,-19.997159903499814
45888,Canesti,-0.0,-21.0
45959,Catina,0.2907429655972464,-19.84449990160682
46019,Cernatesti,0.013613100943999618,-19.99626767500365
46108,Chiliile,-0.0,-21.0
46180,Chiojdu,-0.0,-21.0
46251,Cilibia,0.21734198271796512,-19.89331173396394
46313,Cislau,0.15114014684170698,-19.93277188773739
46377,Cochirleanca,0.015956602014350636,-19.995512973941135
46439,Colti,-0.0,-21.0
46484,Costesti,0.2673665127124237,-18.863018913604474
46554,Cozieni,0.035323684169606774,-19.98859353121607
46769,Galbinasi,0.13621622486226242,-19.941001467515406
46803,Gheraseni,0.08836180236847385,-19.96550770821757
46830,Ghergheasa,0.10032254823703883,-18.961897238430275
46867,Glodeanu Sarat,0.2368020918464676,-19.880862757829803
46910,Glodeanu-Silistea,0.06760360362564197,-19.975130848122255
47006,Grebanu,0.2990881987084099,-19.83864005489658
47079,Gura Teghii,-0.0,-21.0
47159,Largu,-0.0,-21.0
47186,Lopatari,-0.0,-21.0
47300,Luciu,0.2448066311383752,-19.875636594678276
47337,Magura,0.4097604848318964,-19.755385697622607
47373,Maracineni,0.022761602826705873,-19.993208480310553
47417,Margaritesti,-0.0,-21.0
47453,Merei,0.17217001423924835,-18.922881575926446
47578,Mihailesti,0.5915787698197917,-19.59808007305367
47630,Manzalesti,-0.0,-21.0
47774,Movila Banului,0.2790314082233002,-19.852619724070394
47818,Murgesti,-0.0,-21.0
47854,Naeni,0.028968346119531738,-19.990981019355154
47916,Oras Nehoiu,0.010239731588971,-18.997564937099106
48021,Odaile,-0.0,-21.0
48138,Padina,0.08552859353579706,-19.96686024491857
48165,Pardosi,-0.0,-21.0
48227,Panatau,-0.0,-21.0
48325,Oras Patarlagele,0.05268399613106822,-18.982312461445826
48487,Pietroasele,0.18650582733919113,-19.91226721876908
48557,Parscov,0.09468614319089574,-18.96719521277705
48682,Podgoria,0.08388776897771201,-19.967638085327785
48744,Oras Pogoanele,0.14171006183586896,-19.93800242865957
48771,Posta Calnau,0.07752835222792342,-18.971875779797703
48842,Puiesti,0.22075641526454312,-19.89115411909036
48922,Racoviteni,0.03161200021435183,-19.990000252518875
48968,Ramnicelu,0.6821490294809275,-19.510957771787222
49019,Robeasca,-0.0,-21.0
49046,Rusetu,0.1399793501777632,-19.938951082610004
49073,Sageata,0.009652221305755708,-19.997489018406096
49153,Sahateni,0.015145103644350174,-18.996198328673763
49206,Sapoca,0.015550126877016408,-19.995645432864222
49233,Sarulesti,-0.0,-21.0
49313,Scortoasa,0.17359812623170945,-19.91990906409186
49439,Scutelnici,0.17636181139334978,-19.918287832517606
49484,Siriu,-0.0,-21.0
49545,Smeeni,0.0782228916303374,-18.971461128874466
49625,Stalpu,0.26399128404283734,-19.862866777331927
49643,Tisau,-0.0,-21.0
49769,Topliceni,0.14026389580533033,-19.93879535845567
49849,Tintesti,0.19467561191924898,-19.907339689156075
49894,Ulmeni,0.20853637967598448,-19.898822833814783
49956,Vadu Pasii,0.06829046456991215,-19.974823450231547
50022,Valea Ramnicului,0.013966343463966238,-19.99615533913737
50068,Valea Salciei,-0.0,-21.0
50102,Vernesti,0.30839686841894676,-19.832031975238834
50228,Vintila Voda,-0.0,-21.0
50326,Viperesti,0.36931541842575244,-19.786974054257975
50399,Valcelele,0.2291687665134573,-19.885789643682564
50415,Zarnesti,0.2968443204334881,-18.842491997612846
50479,Ziduri,0.15919697770512148,-19.92822208074321
50549,Unguriu,0.009721333763480436,-19.997468358497144
50564,Florica,0.06558700270611512,-19.97602876580725
50790,Municipiul Resita,0.40757780903144136,-2.85371162509387
50889,Oras Anina,0.5078909408600949,-13.785575096942129
50923,Oras Baile Herculane,0.20096093025678247,-14.927132380804064
50969,Oras Bocsa,0.3753597610955411,-11.85408250780092
50987,Ocna De Fier,0.14729446179182937,-17.948203194321206
51010,Municipiul Caransebes,0.35178796229715764,-7.8729460206749895
51056,Oras Moldova Noua,0.6355272999016331,-11.694829051535706
51118,Oras Oravita,0.28230913081635733,-13.897007879589648
51207,Oras Otelu Rosu,0.2638415013488863,-12.902938799661877
51243,Armenis,0.07330927979153357,-18.97507391305345
51305,Bania,0.07903550125141691,-19.969914429833707
51332,Bautar,0.04868849409573577,-18.98514454257398
51387,Berliste,0.46406948932798875,-18.72154118534346
51449,Berzasca,1.0516194235337235,-16.4342660757786
51500,Berzovia,0.5154339705956406,-16.761431563348697
51546,Bolvasnita,-0.0,-21.0
51573,Bozovici,0.2593636107687779,-15.895847764552041
51626,Brebu,0.029096208463713556,-19.990934004863952
51662,Brebu Nou,0.7682904551058806,-18.516224986479177
51699,Buchin,0.03528774288993439,-19.988607313368057
51751,Bucosnita,-0.0,-21.0
51804,Carasova,0.8099739041899977,-14.625691133631832
51840,Carbunari,-0.0,-21.0
51877,Constantin Daicoviciu,0.407910598723844,-16.804015642630823
51948,Ciclova Romana,0.2404482424322666,-18.885287692492415
51984,Ciuchici,0.3536856878359821,-19.798828617680698
52035,Ciudanovita,0.15294997361411503,-17.946461099273694
52062,Copacele,0.682968110332618,-18.52435837193365
52115,Cornea,-0.0,-21.0
52160,Cornereva,-0.0,-21.0
52570,Dalboset,0.034859184319065734,-19.988771412243842
52650,Doclin,0.5610295235439864,-15.764197130579884
52696,Dognecea,0.21326933212639462,-16.913925544964783
52721,Domasnea,0.11426780786907234,-19.95261416409612
52758,Ezeris,0.12743149595537168,-19.94572135329434
52785,Farliug,0.3491510418536129,-14.871147183598046
52856,Forotic,0.2248045810099493,-17.905477559970386
52909,Garnic,0.5470406124452293,-19.638838638774565
52936,Glimboca,0.016416509979438887,-19.995362343893547
52954,Goruia,0.16663894908650212,-18.93201889020071
52990,Gradinari,0.34868243478168137,-17.815775637996218
53023,Iablanita,0.06791218011867058,-19.97499284548435
53069,Lapusnicel,0.3372069066325848,-18.833283997620462
53103,Lapusnicu Mare,0.03863915643134066,-18.988693687866334
53130,Luncavita,0.0904098887747801,-19.964522622670035
53167,Lupac,0.3811919054713292,-15.825179634870885
53210,Marga,0.14025918466002324,-18.94642113072553
53247,Maureni,0.15969505145382953,-16.94423084049526
53274,Mehadia,0.029664308344800026,-17.99224824827512
53327,Mehadica,0.21557553490687656,-17.915247860560186
53345,Naidas,0.4388177455741283,-19.7318986020948
53372,Obreja,0.1039981765522195,-16.967068564707347
53425,Paltinis,0.662700268794323,-18.53948127167998
53489,Coronini,0.47723451049609505,-18.70774568439778
53513,Pojejena,0.7879217714859734,-15.483750123336584
53577,Prigor,0.0675713198124654,-18.977163682898443
53639,Ramna,0.05089300063705517,-18.98417735592671
53675,Racasdia,0.5669902452714577,-18.63473264256237
53700,Eftimie Murgu,0.013795476966129042,-19.99620974202852
53728,Rusca Montana,0.16446002950561567,-18.934097875051958
53755,Sacu,0.6492856326039049,-16.677231160447946
53791,Sasca Montana,0.22352073285710922,-17.906334921325424
53853,Sichevita,0.07275442478788002,-19.972806620350347
54056,Slatina-Timis,0.14597777832366707,-17.94197885920906
54109,Socol,1.034145942893788,-15.419774984207788
54163,Sopotu Nou,0.27303324969791665,-18.868853837793075
54270,Teregova,0.05786953475584336,-19.97940001320512
54305,Ticvaniu Mare,0.6873729208543666,-16.541466132879286
54350,Tarnova,0.013373081804487414,-19.99634370513491
54387,Toplet,0.2079951595464635,-16.915202191987905
54412,Turnu Ruieni,0.009514524083862363,-19.997530105659457
54485,Valiug,0.3254109856102396,-17.853106122448978
54500,Varadia,0.6792083887946242,-16.589389950886712
54537,Vermes,0.08429166396317217,-18.970142832409973
54573,Vrani,0.47076457234604174,-18.71686208189473
54617,Zavoi,0.09951314086179643,-16.96797782095359
54699,Zorlentu Mare,0.04422060627101981,-19.985091362891193
54975,Municipiul Cluj-Napoca,0.5712819225895367,-0.6918955189802918
55008,Municipiul Dej,0.4361396004783522,-14.768027112966957
55062,Cuzdrioara,0.47453304542216124,-18.765154995009564
55106,Jichisu De Jos,0.03293797281588291,-19.98950160469504
55160,Mica,0.674669129616281,-18.579593148752764
55259,Municipiul Turda,0.5404474832260506,-10.730928742137214
55277,Mihai Viteazu,0.6461962123041728,-16.601137653103464
55311,Sandulesti,0.18109761852426595,-18.920580012224193
55357,Municipiul Campia Turzii,0.47683118498643123,-14.769257640760804
55384,Municipiul Gherla,0.6295576630504616,-12.654976648549097
55446,Oras Huedin,0.9251614743412865,-17.447507194370626
55473,Aghiresu,0.9104274686138483,-17.439771640846182
55598,Aiton,0.4317873635446045,-18.76626019290112
55623,Alunis,0.03635687929572387,-19.988196031627844
55687,Apahida,0.3533661532177029,-17.840957819644256
55776,Aschileu,0.5922213793466824,-18.690330505371094
55838,Baciu,0.8403659863537127,-15.495368572424695
55918,Baisoara,0.16195575355343508,-18.93673905918085
56014,Belis,0.023044289583733127,-19.99310947081722
56096,Bobalna,0.27057773601887153,-18.882832844494395
56210,Bontida,0.9306182653864574,-17.45670969276411
56265,Borsa,0.42328252956120455,-18.790383522445662
56327,Buza,0.8342575530987348,-18.46217443955537
56354,Caianu,0.7701290639416873,-18.50019809715452
56425,Calarasi,0.6623400226755319,-18.54916933125124
56461,Calatele,0.6534441734073454,-17.658429004292568
56522,Camarasu,0.7391682046723211,-18.569234721471066
56568,Capusu Mare,0.855462538426511,-18.464202434782877
56666,Caseiu,0.34864930331136224,-18.81523318800728
56773,Catina,0.63024864215987,-18.64405465689
56844,Ceanu Mare,0.33848733579265977,-18.842599532906153
56988,Chinteni,0.5240057796389407,-17.685957386485917
57083,Chiuiesti,0.07008890895035153,-18.975847537652754
57163,Ciucea,0.04843220998893654,-18.985404545881376
57225,Ciurila,0.2362773515309004,-17.902842411171413
57314,Catcau,0.17925803872869372,-18.92248266776467
57350,Cojocna,0.947605883985343,-18.441304058537312
57449,Cornesti,0.5356714254166101,-18.71387736364715
57546,Dabaca,0.5029523805555408,-18.74876243197598
57582,Feleacu,0.6567748240231205,-18.60354962565264
57644,Fizesu Gherlii,0.9359572373316545,-18.449342333434522
57706,Floresti,0.657727829797699,-11.65316882055308
57742,Frata,0.5208009539441876,-18.725827263686853
57831,Geaca,0.6337554854557059,-17.656501846176447
57902,Gilau,0.583711788708016,-17.699383096386455
57948,Garbau,0.8489328726728365,-17.460312997229916
58008,Iara,0.38987479719246226,-18.811038553378417
58142,Iclod,0.22210736097917086,-18.90933892512357
58204,Izvoru Crisului,0.5014313998177561,-19.679108912259366
58259,Jucu,0.42634251007993484,-17.771224685639886
58311,Luna,0.6592047996325678,-18.64628966325826
58357,Maguri-Racatau,0.013315227788020419,-19.996361994800772
58393,Manastireni,0.5675186306955599,-17.708951386416675
58464,Margau,0.02705751488078718,-19.991678369969197
58534,Marisel,-0.0,-21.0
58552,Mintiu Gherlii,0.24072515549743428,-18.892881894527005
58623,Mociu,0.7808937414435535,-18.56061099537302
58721,Moldovenesti,0.8149547093511718,-17.479163069668942
58794,Palatca,0.8368945871102238,-18.507760215253544
58856,Panticeu,0.5644346600194382,-18.694840455745265
58918,Petrestii De Jos,0.14248648380541198,-18.94241593324015
58990,Ploscos,0.08915427863200537,-19.96512727145408
59041,Poieni,0.2425814271832065,-18.888599803225297
59130,Recea-Cristur,0.5482761809838956,-18.671642942688223
59238,Risca,-0.0,-21.0
59283,Sacuieu,0.39328527808826585,-19.76841013476223
59327,Savadisla,0.768543949295326,-18.48507771293031
59416,Sic,0.18380301415937994,-18.92148831260157
59434,Sancraiu,0.5209621417567863,-18.670581468728557
59498,Sanmartin,0.5160933657942465,-18.732231874685677
59586,Sanpaul,0.4976161108453636,-18.71191468470349
59657,Suatu,0.9546160713797511,-17.418953482408543
59693,Tritenii De Jos,0.3142698152383297,-18.840326257075652
59764,Tureni,0.8183751596560076,-18.51540991735537
59826,Taga,0.3728496230289096,-18.82553530959911
59880,Unguras,0.7255245661808092,-18.519419521551495
59942,Vad,0.06363310393369048,-18.979580684611797
60026,Valea Ierii,0.07851576409890412,-19.97015610651974
60062,Viisoara,0.8293242981742456,-18.51471367888799
60099,Vultureni,0.576046097765537,-18.69818325419897
60169,Negreni,0.17114732768335816,-17.935621106561353
60419,Municipiul Constanta,0.3724709440745877,-0.8612106184591666
60455,Oras Eforie,0.4918560991612252,-9.79998314446747
60482,Municipiul Mangalia,0.41781817770965013,-9.826490320236818
60507,Oras Navodari,0.24307473173263053,-10.915935260413955
60534,Oras Techirghiol,0.6109439786056372,-12.70126906940746
60570,Agigea,0.3717198755844163,-14.832665690721873
60598,23-Aug,0.3447354482141041,-16.831288147678293
60632,Limanu,0.38140416266137633,-12.848240232866724
60687,Oras Ovidiu,0.39778481458115006,-12.838270973192811
60721,Tuzla,0.31915094078407,-15.861136162953692
60776,Oras Cernavoda,0.30738712765756243,-13.880026530821423
60801,Oras Harsova,0.5515712565686309,-15.726217864514918
60847,Municipiul Medgidia,0.7068754700596549,-9.652518599290005
60883,Adamclisi,0.10740816023228138,-19.956117400970072
60945,Albesti,0.14107697662240837,-17.94451212100051
61005,Aliman,0.010836610864387735,-19.99713159430006
61069,Oras Baneasa,0.7646019661923351,-18.553703693683673
61121,Castelu,0.7801345762074031,-15.615108818630077
61167,Cerchezu,-0.0,-21.0
61210,Chirnogeni,0.048715553988351576,-18.98466358110554
61256,Ciobanu,-0.0,-21.0
61283,Ciocarlia,0.39426847997936093,-18.78497829644403
61318,Cobadin,0.7338793984629937,-17.63342261598456
61372,Cogealac,0.021559827457685074,-17.9946141221016
61452,Comana,0.35576154966148776,-18.819534602994946
61513,Corbu,0.06682375690040866,-16.978901050297253
61559,Crucea,0.030730524376690434,-18.991340007477085
61620,Cumpana,0.3629076236620287,-13.850595279251474
61675,Deleni,0.09324163210494135,-19.963150588280165
61737,Dobromir,0.6646834406916812,-19.528192635692793
61808,Garliciu,-0.0,-21.0
61826,Ghindaresti,0.11928937429462119,-18.95294586054846
61871,Independenta,0.6874810064080014,-17.630001111111113
61951,Ion Corvin,0.1962589916547341,-18.921432000046586
62020,Istria,0.017741822561726052,-19.994923890734157
62057,Lipnita,0.32104415357472804,-18.84657126343429
62137,Mereni,0.3751324932436043,-17.81914077650912
62191,Mihail Kogalniceanu,0.3484854954559622,-14.860904255319149
62253,Mihai Viteazu,0.2134998618079097,-18.89872619877921
62280,Mircea Voda,0.029752589621943566,-19.990691974192558
62360,Oras Murfatlar,0.41145285808863297,-16.819207749341842
62397,Oras Negru Voda,0.2300790095275057,-17.909301726600074
62440,Nicolae Balcescu,0.14165289947262208,-16.95014155632908
62486,Oltina,-0.0,-21.0
62538,Ostrov,0.2007035824961102,-17.915093106517894
62609,Pantelimon,-0.0,-21.0
62672,Pecineaga,0.2049054035197447,-17.9221296845598
62707,Pestera,-0.0,-21.0
62761,Poarta Alba,0.1378651484910408,-16.9544556858905
62798,Rasova,-0.0,-21.0
62823,Saraiu,-0.0,-21.0
62878,Sacele,0.01439004174493083,-19.996019916322815
62903,Seimeni,-0.0,-21.0
62949,Silistea,0.1291215473541205,-19.94482064825902
62985,Targusor,-0.0,-21.0
63045,Topalu,-0.0,-21.0
63072,Topraisar,0.2848394324766849,-17.86068949267079
63125,Valu Lui Traian,0.5426178275507536,-12.740234412318696
63152,Lumina,0.2939359678054677,-16.882930914425824
63161,Dumbraveni,-0.0,-21.0
63170,Vulturu,-0.0,-21.0
63189,Tortoman,-0.0,-21.0
63198,Amzacea,0.5101127045919451,-17.7455828028801
63278,Horia,0.019200186985795367,-19.994434180638184
63286,Costinesti,0.07715648940188036,-16.977324378790833
63294,Baraganu,0.14229685135053566,-16.94993435943866
63300,Cuza Voda,0.5451288209179292,-19.640556731678753
63318,Saligny,-0.0,-21.0
63326,Gradina,0.20766924711864027,-18.905969289901925
63334,Fantanele,-0.0,-21.0
63394,Municipiul Sfantu Gheorghe,0.5918890955193455,-7.640838192926585
63447,Oras Baraolt,0.19737360763379871,-17.92140587671318
63526,Oras Covasna,0.7698213308210513,-14.52059506131228
63553,Comandau,0.2414453676755206,-18.88968726310866
63580,Oras Intorsura Buzaului,0.04038124426019832,-18.987943433064014
63633,Barcani,0.1530520809768468,-18.93567444973678
63688,Sita Buzaului,0.008618639322854458,-19.997794931021545
63740,Municipiul Targu Secuiesc,0.3487381528196857,-16.835174194351197
63777,Aita Mare,0.30017283057253896,-19.83787397011399
63802,Batani,0.45382451967789483,-18.753915206619343
63866,Belin,0.998875380630205,-18.392646600595555
63893,Bodoc,0.18203064165485627,-18.922767774593197
63937,Borosneu Mare,0.2021302310469948,-18.91744588567427
64005,Brates,0.08700717961035413,-19.966155870356562
64041,Bradut,0.6486012359610913,-18.648099302362795
64096,Bretcu,0.7040482123976006,-17.591102694830298
64130,Catalina,0.06733257030128283,-18.97693528488933
64194,Cernat,0.07800296787020009,-18.972792543059526
64238,Chichis,0.7212694082606173,-18.49833688706881
64265,Dobarlau,0.08669038859483064,-18.970729578027548
64318,Ghelinta,0.1251884278041502,-18.954851840100762
64345,Ghidfalau,0.08290147161219609,-18.970747917280185
64390,Haghig,1.0863442860744377,-18.341698143140565
64425,Ilieni,0.39306795860160304,-18.776092957418868
64461,Lemnia,0.11663818540796805,-18.95672777123332
64504,Malnas,0.22676136522454077,-19.88733184642792
64568,Moacsa,0.24660405398521573,-18.896561244427662
64602,Ojdula,0.7282664888605364,-17.573082263252473
64639,Ozun,0.5054307481260153,-17.736804636111373
64719,Poian,0.026052636516811813,-19.992041059402432
64773,Reci,0.07383873504207483,-19.97231182086629
64826,Sanzieni,0.047728210211178346,-18.985072158329476
64871,Turia,0.059395847785359286,-19.978741638675913
64906,Valea Crisului,0.08260111028448991,-18.971726759299465
64942,Valcele,0.948791206243236,-17.420773938088114
64997,Varghis,0.037519982571007394,-19.9877455638485
65011,Zagon,0.6928439122088093,-19.500303237692666
65048,Zabala,0.7856147548941127,-18.55030209597642
65099,Valea Mare,0.06724944244984005,-19.975289040231733
65105,Mereni,0.07309888918112357,-19.972649637583956
65113,Arcus,0.17414103239156756,-18.928057579332958
65121,Bixad,0.14968167249584752,-18.943320165179905
65139,Micfalau,0.11906609891922408,-18.95318785621103
65147,Dalnic,0.09223535060164872,-18.968730527515177
65154,Estelnic,0.045459671849746426,-19.9845899703785
65342,Municipiul Targoviste,0.23304675022040283,-9.907183350026683
65379,Aninoasa,0.011986820064484954,-18.997085390873863
65413,Doicesti,0.01025627987987353,-19.99730761090546
65431,Razvad,0.0380689080875242,-14.990552989439468
65477,Sotanga,0.01351946769566001,-19.996297363919584
65501,Ulmi,0.09971722616464276,-19.959970152996092
65609,Oras Fieni,0.03471079030866403,-16.990541062731566
65645,Motaieni,0.028589514040794534,-19.991120058227196
65681,Oras Gaesti,0.10339960073366566,-16.96161381001242
65707,Gura Foii,0.040498826085235126,-19.986577794010227
65752,Petresti,0.02231159850105486,-18.994032101665923
65841,Municipiul Moreni,0.09801604749679874,-15.963848208512747
65869,Iedera,0.30289308513077934,-19.83594812072745
65921,Oras Pucioasa,0.060607215928555384,-16.979797696780324
66009,Branesti,-0.0,-21.0
66081,Oras Titu,0.1613484535337157,-17.929587854739005
66152,Branistea,0.10790792426814926,-19.955864275922615
66198,Baleni,0.9421060681430518,-17.50846152880093
66223,Barbuletu,-0.0,-21.0
66330,Bezdead,-0.0,-21.0
66401,Bilciuresti,0.088663434422946,-18.967840688831238
66438,Buciumeni,-0.0,-21.0
66474,Bucsani,0.13122849620148475,-17.948801666947876
66526,Candesti,-0.0,-21.0
66580,Cobia,-0.0,-21.0
66697,Cojasca,0.5312513869760747,-18.655328696329722
66731,Comisani,0.010976026638606237,-18.997361622265657
66768,Contesti,0.43289342136207987,-19.736740145479693
66857,Corbii Mari,0.3381026319297813,-19.81044771213299
66955,Cornatelu,0.16294808640633252,-19.926078826767167
67014,Cornesti,0.008863216294819728,-19.99772307112352
67121,Costestii Din Vale,0.5217893415381506,-19.66132004495129
67167,Crangurile,0.5445089017353929,-19.64111328125
67256,Darmanesti,0.07800649384919985,-19.970392508107125
67292,Dobra,0.010513100326179706,-19.997229922226218
67327,Dragodana,0.02244981900673061,-18.993953902662994
67407,Dragomiresti,0.23632202014955178,-19.88117426222813
67470,Finta,-0.0,-21.0
67522,Glodeni,0.01248112686274731,-19.996624075240963
67595,Gura Ocnitei,0.2669981363966524,-19.86083457465093
67648,Gura Sutii,0.25110752551653903,-19.871480270460793
67675,Hulubesti,-0.0,-21.0
67737,I. L. Caragiale,0.47254094585452294,-17.71943451683913
67773,Lucieni,0.08721306750085445,-19.966057531346216
67835,Ludesti,0.574975714013445,-19.613437614025628
67906,Lunguletu,0.004711893586459849,-19.998891557702756
67942,Malu Cu Flori,-0.0,-21.0
68002,Manesti,0.38830144709072356,-19.77230780787722
68048,Matasaru,0.27248727648886895,-19.85710348615143
68128,Mogosani,0.12340701409357488,-19.947851910332133
68182,Moroeni,0.4803712451954961,-19.697191501884113
68253,Morteni,0.03992671352548864,-19.986803617555953
68280,Nucet,0.20672066502985556,-18.90349737088713
68324,Ocnita,-0.0,-21.0
68342,Odobesti,0.28974749332880956,-19.84519481152008
68404,Pietrosita,0.023578842355673684,-19.992921582220088
68431,Poiana,0.32622491860564445,-19.81916789305407
68468,Potlogi,0.6443526875743264,-19.547995539676563
68529,Produlesti,0.22023166267233601,-19.891486460667718
68565,Pucheni,-0.0,-21.0
68627,Oras Racari,0.1807890588938857,-19.9156736429934
68716,Runcu,0.007559901182635234,-19.998102018319898
68789,Salcioara,0.017475533760343134,-19.9950125
68887,Selaru,0.05313932041419629,-19.98141319567189
68921,Tatarani,0.10248766844750931,-19.958591606473895
68976,Uliesti,0.007419875317997469,-19.998142128870466
69063,Valea Lunga,-0.0,-21.0
69170,Valea Mare,0.1833203520784144,-19.91416959320424
69250,Vacaresti,0.05276166349896865,-18.982835559244382
69303,Valeni-Dambovita,-0.0,-21.0
69330,Visina,-0.0,-21.0
69394,Visinesti,-0.0,-21.0
69447,Varfuri,-0.0,-21.0
69526,Voinesti,0.014541850680597237,-18.99636860870159
69615,Vulcana-Bai,-0.0,-21.0
69900,Municipiul Craiova,0.13228009585976463,-4.951784276411395
69964,Bucovat,-0.0,-21.0
70094,Isalnita,0.1090006901452889,-18.957444661566864
70110,Podari,0.31842417492906006,-18.826797969200012
70174,Simnicu De Sus,0.018627683980847482,-19.994627305603736
70316,Municipiul Bailesti,0.32515506824798873,-18.821139434191007
70352,Municipiul Calafat,0.22028846321603265,-17.895601205835547
70414,Oras Filiasi,0.18812584179555633,-19.91129565126886
70502,Oras Segarcea,0.372906626169725,-18.786369177992018
70520,Afumati,0.1254392340572657,-19.946778578485535
70566,Almaj,-0.0,-21.0
70637,Amarastii De Jos,0.5368502219542154,-19.6479663773348
70673,Amarastii De Sus,0.3066539158924569,-19.83327498891456
70726,Apele Vii,0.02576198240533338,-19.99214543384114
70744,Argetoaia,-0.0,-21.0
70879,Oras Bechet,0.6501439069373124,-19.542383218434388
70897,Bistret,0.45126389153632673,-19.72163989993195
70940,Barca,0.5208222982633562,-19.66217187193001
70968,Botosesti-Paia,0.024769226975622678,-19.992500106264238
70986,Brabova,-0.0,-21.0
71055,Bradesti,0.032947490617842946,-19.98949800955559
71126,Bralostita,-0.0,-21.0
71199,Bratovoesti,0.009466172153053518,-19.997544509542223
71260,Breasta,0.2658428337504271,-19.861616370297153
71340,Bulzesti,-0.0,-21.0
71457,Calopar,0.49356519202546545,-19.685901249256396
71518,Caraula,0.6276277759681671,-19.564075459931992
71536,Carpen,-0.0,-21.0
71572,Castranova,0.07573262605224607,-19.971443068033444
71607,Calarasi,0.00437646282137636,-19.998980459058757
71634,Celaru,0.0808715110975379,-19.96905734168643
71698,Cerat,0.6510790282665799,-19.54147484800934
71723,Cernatesti,-0.0,-21.0
71787,Cetate,0.4668893955039737,-19.708594463853803
71812,Cioroiasi,0.021713744850297523,-19.99357333157078
71858,Ciupercenii Noi,0.034176392557734324,-18.989709281936047
71885,Cosoveni,0.42536202696979053,-19.742856083996024
71910,Cotofenii Din Dos,0.02072114390837111,-19.99391574548365
71956,Daneti,-0.0,-21.0
72007,Oras Dabuleni,0.06970140584870818,-19.974189529620325
72034,Desa,0.07347526935566771,-18.976013412414165
72052,Diosti,0.05104587364737103,-19.98229068892976
72098,Dobresti,0.019987673372207644,-19.994166716581255
72150,Dragotesti,0.05042213701351308,-18.984072178711287
72221,Dranic,0.044384596372733585,-19.985025187821908
72276,Farcas,0.32912232300277866,-19.817051677445853
72383,Galicea Mare,0.007572480106851798,-19.99809840913855
72409,Ghercesti,-0.0,-21.0
72463,Gighera,0.3443948424908925,-19.805780336358268
72506,Giubega,-0.0,-21.0
72533,Giurgita,0.277578074931311,-19.853618812653426
72579,Gangiova,-0.0,-21.0
72604,Gogosu,-0.0,-21.0
72640,Goicea,-0.0,-21.0
72677,Goiesti,0.03945771870804708,-19.986988196312694
72819,Grecesti,-0.0,-21.0
72882,Izvoare,-0.0,-21.0
72926,Leu,0.011093152103952742,-19.99705325836274
72953,Lipovu,0.6495403761802414,-19.54296916892016
72980,Macesu De Jos,0.020800397925951678,-19.993888521894863
73013,Macesu De Sus,0.20963778627774607,-19.89813773271156
73031,Maglavit,0.26156591401445434,-19.864499956858438
73068,Malu Mare,0.3327724016656518,-18.818625654563125
73102,Melinesti,0.08363196138941895,-19.967758987453713
73246,Mischii,0.016515384746359326,-19.995329856290365
73317,Marsani,0.0713988132572196,-19.973422544755543
73335,Motatei,-0.0,-21.0
73371,Murgasi,-0.0,-21.0
73460,Negoi,0.6827141489721597,-19.510396698083966
73503,Orodel,0.013729564390242217,-19.996230695685508
73567,Ostroveni,0.15144895903135064,-19.932598859201665
73594,Perisor,0.02361769820424436,-19.992907891237447
73629,Pielesti,0.05019526099841605,-18.983755808946796
73665,Piscu Vechi,0.2247972435500212,-19.888585917038522
73709,Plenita,0.17787687652017672,-19.917395579938926
73736,Poiana Mare,0.14813963263063495,-19.934447373932397
73772,Predesti,0.06527257219506108,-19.97616814789166
73852,Radovan,0.36959632975299295,-19.786759173762867
73905,Rast,0.29309363772540153,-19.842855498302093
73923,Robanesti,-0.0,-21.0
73996,Sadova,0.4822341415849424,-19.69560521258539
74028,Salcuta,0.6592317015619469,-19.53353028930769
74073,Scaesti,-0.0,-21.0
74108,Seaca De Camp,0.03246398094313091,-19.989680360186636
74135,Seaca De Padure,-0.0,-21.0
74171,Secu,-0.0,-21.0
74224,Silistea Crucii,0.30914026321899596,-19.831501013279464
74242,Sopot,-0.0,-21.0
74322,Teasc,0.019119162575150353,-19.994461581170214
74359,Terpezita,0.03161200021435183,-19.990000252518875
74411,Teslui,0.11519767771237784,-19.95213452778708
74509,Tuglui,0.03161200021435183,-19.990000252518875
74536,Unirea,0.056576206838521825,-19.979954574398924
74554,Urzicuta,0.6735228117479197,-18.601239817841154
74581,Valea Stanciului,0.1447512439553864,-19.93632691376203
74616,Vela,-0.0,-21.0
74705,Verbita,-0.0,-21.0
74732,Vartop,0.6017247584091909,-19.58860045351474
74750,Varvoru De Jos,0.015128686647250285,-19.995782092653265
74842,Catane,0.6894496118860642,-19.50369300908408
74859,Carcea,0.11432302976975364,-17.95674900728114
74867,Carna,0.38570877484041216,-19.77432762316203
74875,Cotofenii Din Fata,0.6040246678761305,-19.586441651591706
74883,Dobrotesti,-0.0,-21.0
74891,Galiciuica,0.06493140459206787,-19.97631919092342
74907,Ghidici,-0.0,-21.0
74915,Ghindeni,0.2849186602448077,-19.848553233783562
74923,Intorsura,0.03445000744630452,-19.988927678817454
74931,Plesoi,-0.0,-21.0
74949,Rojiste,-0.0,-21.0
74956,Talpas,0.0388124237051986,-19.987241355322585
75098,Municipiul Galati,0.08329746713901673,-4.976220689342136
75114,Sendreni,-0.0,-21.0
75150,Vanatori,-0.0,-21.0
75203,Municipiul Tecuci,0.2083014227258917,-13.904027608341119
75221,Draganesti,0.30372859304664535,-19.835355316843483
75258,Munteni,0.3567888726489552,-18.79866675445843
75338,Oras Beresti,0.027331209542984493,-19.99157909792651
75356,Beresti-Meria,0.02240922303536533,-19.99333155559963
75472,Oras Targu Bujor,0.18215765950680438,-19.91486128810901
75515,Barcea,0.46560718814515306,-19.709671877282688
75542,Balabanesti,-0.0,-21.0
75613,Balasesti,-0.0,-21.0
75668,Baleni,0.010274324438742096,-19.997302163195613
75686,Baneasa,0.052171987463861744,-19.981819712145445
75711,Branistea,-0.0,-21.0
75766,Brahasesti,0.6060264003447369,-19.58455974749699
75819,Buciumeni,0.453284353376401,-19.71996343183978
75864,Cavadinesti,0.010159208324492902,-19.997336888888892
75917,Certesti,0.04858487398477948,-19.98331133487683
75953,Corod,-0.0,-21.0
76004,Corni,-0.0,-21.0
76040,Cosmesti,0.04771383474861374,-19.983669698875826
76111,Costache Negri,-0.0,-21.0
76139,Cuca,-0.0,-21.0
76157,Cudalbi,0.004209303605201372,-19.99902439047628
76175,Draguseni,0.07719865960326762,-19.970766670482263
76255,Fartanesti,0.01431630545894882,-19.996043536810923
76282,Foltesti,0.14625937888793522,-19.935492000956646
76317,Frumusita,0.43932386861191386,-18.735625728315895
76353,Fundeni,-0.0,-21.0
76406,Ghidigeni,0.5976029917112546,-19.592460147310554
76497,Gohor,0.015987885412554186,-19.995502753327482
76558,Grivita,0.18939028236239244,-19.910535423459013
76585,Independenta,0.08547440489266954,-19.966885997681192
76601,Ivesti,0.4909448884275071,-19.68815372397057
76638,Jorasti,-0.0,-21.0
76674,Liesti,0.27910165506912793,-19.852571385164538
76692,Matca,0.00528160620888976,-19.9987383982678
76718,Mastacani,-0.0,-21.0
76745,Movileni,0.4601318386341238,-18.71878771848619
76763,Namoloasa,-0.0,-21.0
76807,Nicoresti,0.03676496088294769,-18.989108360832848
76932,Oancea,0.05434471611043013,-18.982903774940358
76969,Pechea,0.016997111974888554,-18.99551924018506
76996,Piscu,0.06251696278035251,-19.977382388349536
77028,Priponesti,-0.0,-21.0
77082,Rediu,-0.0,-21.0
77126,Scanteiesti,-0.0,-21.0
77153,Schela,-0.0,-21.0
77180,Slobozia Conachi,-0.0,-21.0
77224,Smardan,-0.0,-21.0
77260,Smulti,-0.0,-21.0
77288,Suceveni,-0.0,-21.0
77313,Tudor Vladimirescu,0.021393139957612637,-19.993684273908936
77331,Tulucesti,0.011776446985014084,-18.997145918367345
77377,Tepu,0.02030668518652743,-19.994057777727033
77402,Umbraresti,0.22760872320924605,-18.888486380472354
77475,Valea Marului,-0.0,-21.0
77509,Varlezi,-0.0,-21.0
77536,Vladesti,0.018268370613687097,-19.99474793556987
77561,Radesti,-0.0,-21.0
77579,Negrilesti,0.015529324822425989,-19.995652194550054
77587,Poiana,-0.0,-21.0
77595,Cuza Voda,-0.0,-21.0
77601,Suhurlui,-0.0,-21.0
77812,Municipiul Targu Jiu,0.1633909391681079,-8.931042251845502
77910,Balesti,0.14684006815449102,-19.9351698211292
78016,Dragutesti,0.0066792276954295016,-19.998352215332513
78089,Turcinesti,-0.0,-21.0
78141,Municipiul Motru,0.056107589095060105,-12.984349785378413
78258,Oras Novaci,0.05341718865338125,-19.981296093044058
78329,Oras Targu Carbunesti,0.2594009958129521,-19.865953194640255
78454,Oras Ticleni,0.06618325027022583,-19.97576399605624
78472,Albeni,0.00913944526968732,-19.997641512721472
78542,Alimpesti,-0.0,-21.0
78604,Aninoasa,0.06490998432750827,-19.976328667534723
78668,Arcani,-0.0,-21.0
78711,Baia De Fier,-0.0,-21.0
78748,Balanesti,-0.0,-21.0
78828,Barbatesti,0.030959142150673094,-19.990244136870434
78873,Bengesti-Ciocadia,0.34483780149902293,-19.805450521457253
78926,Berlesti,-0.0,-21.0
79004,Balteni,0.12949207688429265,-17.94696341335515
79077,Bolbosi,-0.0,-21.0
79157,Borascu,0.06229619269488719,-19.97747909888418
79237,Branesti,-0.0,-21.0
79308,Oras Bumbesti-Jiu,0.1704818383946927,-17.925072798678826
79362,Bumbesti-Pitic,-0.0,-21.0
79406,Bustuchin,0.06243681428556086,-19.9774175080534
79497,Capreni,-0.0,-21.0
79585,Catunele,-0.0,-21.0
79656,Ciuperceni,-0.0,-21.0
79736,Calnic,0.019605955256529327,-19.994296624594124
79834,Crasna,0.005001634836578986,-19.9988139952782
79932,Cruset,0.020765136836919808,-19.993900636521637
80043,Danciulesti,0.010254279091369119,-19.997308214848772
80123,Danesti,0.019772931053371384,-18.994776590010947
80249,Dragotesti,-0.0,-21.0
80285,Farcasesti,-0.0,-21.0
80365,Glogova,-0.0,-21.0
80427,Godinesti,0.0710380641604549,-19.97358594731102
80506,Hurezani,-0.0,-21.0
80560,Ionesti,-0.0,-21.0
80613,Jupanesti,0.011037369571445067,-19.997070318804887
80677,Lelesti,0.012221211962616255,-19.99670511605616
80711,Licurici,-0.0,-21.0
80766,Logresti,-0.0,-21.0
80846,Matasari,0.024223170458606585,-17.99381735028469
80908,Musetesti,-0.0,-21.0
80980,Negomir,-0.0,-21.0
81095,Pades,0.009755386878317798,-19.99745816975898
81184,Pestisani,0.0828702407927963,-18.970973278367808
81264,Plopsoru,-0.0,-21.0
81380,Polovragi,0.413956236538452,-19.75203470949249
81415,Prigoria,-0.0,-21.0
81497,Rosia De Amaradia,0.18045038628032403,-19.915874360404516
81576,Runcu,0.0063487352461451315,-19.998444790988508
81656,Samarinesti,-0.0,-21.0
81754,Sacelu,-0.0,-21.0
81816,Saulesti,-0.0,-21.0
81861,Scoarta,0.40487708937405587,-19.759268531459828
81987,Schela,0.04027236958915692,-19.986667267240215
82047,Slivilesti,-0.0,-21.0
82136,Stanesti,-0.0,-21.0
82243,Stejari,-0.0,-21.0
82314,Stoina,-0.0,-21.0
82396,Telesti,0.2425499796772339,-19.87711610156719
82430,Oras Tismana,0.0649862151629902,-19.976294938413893
82555,Turburea,-0.0,-21.0
82617,Oras Turceni,0.0038075251529065346,-19.99912892002601
82680,Tantareni,0.31226651647221615,-19.82926290539301
82733,Urdari,-0.0,-21.0
82779,Vagiulesti,-0.0,-21.0
82831,Vladimir,-0.0,-21.0
82895,Oras Rovinari,0.03990256771468009,-17.988246006936624
83133,Municipiul Odorheiu Secuiesc,0.20556611358620483,-15.918581761703571
83151,Bradesti,0.07033662179464777,-18.975974259847973
83197,Feliceni,0.09460363414094161,-18.967727007348103
83320,Municipiul Miercurea Ciuc,0.5238926313723475,-14.695377299931744
83375,Pauleni-Ciuc,0.0844277613447781,-19.96738254553655
83428,Oras Baile Tusnad,0.3282215302734589,-18.845891451538407
83464,Oras Balan,0.744575993726136,-15.516262940059477
83491,Oras Borsec,0.5423503944092731,-18.652235988993134
83525,Oras Cristuru Secuiesc,0.23301471637376586,-17.905347269008793
83561,Municipiul Gheorgheni,0.43250538134541333,-16.783213738422724
83632,Municipiul Toplita,0.7059571674364518,-16.58345927539959
83749,Oras Vlahita,0.05535170209195764,-18.981824189368538
83785,Atid,0.2752667275559436,-18.865251354696863
83847,Avramesti,0.39978559257347573,-18.782742708333334
83936,Bilbor,0.018540767024649612,-19.99465652689773
83963,Capalnita,0.18317509612149208,-18.918839137645108
83981,Ciucsangeorgiu,0.09365598165058514,-18.967039269433695
84086,Ciumani,0.016457553638951673,-19.99534886248173
84102,Carta,0.02258964303902045,-19.993268588364913
84148,Corbu,0.4969392099236342,-18.7491884048113
84175,Corund,0.14729424593466064,-18.94073348936653
84237,Danesti,0.05565794888973806,-18.982570124884454
84264,Dealu,0.03833052836185076,-18.988702645024205
84344,Ditrau,0.04178243153432962,-19.98606851327716
84380,Darjiu,0.29244616298071674,-18.865642276157594
84415,Frumoasa,0.19986974006574765,-18.92013421868693
84460,Galautas,0.5701598644352194,-18.653641340932246
84558,Joseni,0.09419184141297832,-18.96792418403889
84594,Lazarea,0.115288476124395,-18.959106974614553
84629,Lueta,0.014970054340109461,-19.995833351493413
84656,Lunca De Jos,0.0400613429813439,-19.986750542018328
84754,Lunca De Sus,0.059126480846082095,-19.9788581354658
84825,Lupeni,0.1650614443455363,-18.931574451645155
84923,Martinis,0.08660159516345432,-18.96952128955278
85056,Meresti,0.049949369397449,-18.98487761858636
85074,Mihaileni,0.5158384813761177,-18.68370506875754
85127,Mugeni,0.06243729342319577,-18.980278194417735
85243,Ocland,0.07906177980681675,-18.97323040488458
85289,Plaiesii De Jos,0.30610377271808376,-18.857284559926455
85341,Praid,0.17757037672177348,-18.928829502563296
85412,Remetea,0.0443622702436489,-19.985034200422483
85467,Sacel,0.9322605058746917,-18.453049630474464
85528,Sarmas,0.4954442074271095,-18.696974101114527
85582,Secuieni,0.6438184641069147,-18.616001279959907
85626,Siculeni,0.19835181252843156,-19.905099895171354
85680,Sancraieni,0.26505150560423624,-18.881847690823
85760,Sandominic,0.09880007979690905,-18.96493356361953
85788,Sanmartin,0.048159371056176334,-19.983486585947563
85840,Sansimion,0.07227938640927492,-18.97503645426933
85877,Subcetate,0.33165435640042096,-18.850803147933124
85920,Suseni,0.17883758059989632,-18.929537943842163
85984,Simonesti,0.12087626584756848,-18.956594722569918
86133,Tulghes,0.6238513077849321,-18.582121300478757
86188,Tusnad,0.29730830848236894,-18.86411685952794
86222,Ulies,0.2611749368587263,-18.883608025703527
86311,Varsag,0.017770869623289783,-19.994914209787222
86339,Voslabeni,0.7271813966847248,-18.50631567844099
86366,Zetea,0.09216701611607436,-18.967982057617107
86438,Madaras,0.010479465182262337,-19.997240115665633
86446,Cozmeni,0.17022269981490834,-18.93097886027179
86453,Tomesti,0.04231016460952226,-18.98748195284997
86461,Ciceu,0.06347126886074585,-19.97696336706428
86479,Leliceni,0.1408337525815117,-18.947761518811056
86487,Porumbeni,0.032048693293542506,-19.989836515877506
86495,Racu,0.03183061651465438,-19.989918343232766
86501,Satu Mare,0.01475818629482802,-19.995901656624604
86519,Santimbru,0.12174849387574056,-18.95218500235523
86687,Municipiul Deva,0.1531184626506141,-12.947827517374144
86749,Carjiti,-0.0,-21.0
86810,Municipiul Hunedoara,0.40563529976742324,-3.817136908622502
86883,Ghelari,0.1073481290412666,-18.959964684365836
86936,Teliucu Inferior,0.13873093105708703,-15.95223079332759
86990,Municipiul Petrosani,0.3400251391519707,-14.85141278897171
87059,Municipiul Lupeni,0.3373262878398248,-3.8585771787736256
87077,Oras Petrila,0.2597027976496491,-14.887150790869907
87139,Oras Uricani,0.2393600248458277,-16.90254198977478
87175,Municipiul Vulcan,0.375319437409517,-9.833276503683777
87219,Oras Aninoasa,0.4396765702632017,-16.79155253266222
87246,Banita,0.04027236958915692,-19.986667267240215
87291,Municipiul Brad,0.2984697256466004,-11.871654950662428
87362,Criscior,0.059258630242189844,-18.98139793272471
87424,Oras Calan,0.3294450565903383,-17.85869296955972
87576,Oras Hateg,0.15900772214669237,-14.945296514466072
87638,Municipiul Orastie,0.44879543902471436,-11.793973803642238
87665,Oras Simeria,0.23402245074603742,-13.911186546910368
87745,Baia De Cris,0.011649442739466727,-19.996882314692428
87843,Balsa,0.06095746387300963,-18.980773176837527
87996,Baru,0.11795986302949181,-18.95302985993009
88047,Bacia,0.21045998052664874,-18.906543918844587
88092,Baita,0.0574117803961058,-17.983091406195605
88216,Batrana,-0.0,-21.0
88261,Beriu,0.05266968849562198,-19.981610779442402
88350,Blajeni,-0.0,-21.0
88449,Bosorod,-0.0,-21.0
88546,Branisca,0.08206229020008249,-18.972104799853184
88644,Bretea Romana,0.06801650348922043,-17.979474540863404
88788,Buces,0.06643824178947026,-19.97565058012683
88868,Bucuresci,-0.0,-21.0
88920,Bulzestii De Sus,-0.0,-21.0
89026,Bunila,-0.0,-21.0
89080,Burjuc,0.059804435506717143,-18.981309342560554
89151,Cerbal,-0.0,-21.0
89240,Certeju De Sus,0.04881646654661373,-18.984829539965602
89348,Densus,0.03572504671971609,-18.989724813050877
89428,Dobra,0.11770424515039016,-18.957838353103792
89561,Oras Geoagiu,0.37271610783644865,-15.815956713942725
89687,Gurasada,0.030457357557417006,-19.990430843195266
89801,Harau,0.3069315741604523,-18.85776313421139
89856,Ilia,0.05075075309225499,-16.986034903215973
89954,Lapugiu De Jos,-0.0,-21.0
90066,Lelese,0.044725293002800925,-19.98488752608931
90119,Lunca Cernii De Jos,-0.0,-21.0
90208,Luncoiu De Jos,-0.0,-21.0
90262,Martinesti,0.4053003583512425,-18.783112140580965
90342,Orastioara De Sus,0.01413544419166996,-19.99610137939453
90431,Pestisu Mic,0.10424530843566478,-18.96140138750227
90538,Pui,0.11728916257136353,-17.956984843573835
90663,Rapoltu Mare,0.1352987200825512,-18.947922091960574
90725,Rachitova,-0.0,-21.0
90805,Ribita,-0.0,-21.0
90878,Rau De Mori,0.18530424472644524,-18.91697291217944
90994,Romos,0.1862440796182891,-15.933739134341096
91054,Sarmizegetusa,-0.0,-21.0
91116,Salasu De Sus,0.040523716542113807,-18.987968357092363
91232,Santamaria-Orlea,0.25546066165364023,-17.88503489418017
91330,Soimus,0.11733400856148514,-17.95740837667744
91447,Tomesti,-0.0,-21.0
91535,Toplita,-0.0,-21.0
91624,Totesti,0.1732930885366672,-17.92915771699103
91688,Turdas,0.5749435262798636,-18.649974802418278
91731,General Berthelot,0.09697455786524853,-18.966436309973723
91795,Vata De Jos,0.07263085474320985,-18.97631308773638
91937,Valisoara,0.04917802057364181,-19.983066433982064
91982,Vetel,0.4068429613218836,-16.8242899725754
92097,Vorta,-0.0,-21.0
92177,Zam,0.18977716949122497,-15.934630287108273
92569,Municipiul Calarasi,0.21603156319439906,-8.91267307710124
92587,Modelu,0.10579065912380656,-18.957785669674642
92658,Municipiul Slobozia,0.15899689411470222,-7.93679905743118
92701,Municipiul Fetesti,0.2433327884399452,-14.882948764537447
92765,Oras Tandarei,0.41575810922457196,-18.754666939687432
92783,Albesti,-0.0,-21.0
92836,Oras Amara,0.03133743379204686,-18.990632190769297
92872,Andrasesti,0.23419311597862424,-19.882552992499747
92907,Balaciu,0.08737183741765928,-19.96598165465955
92961,Borcea,0.02049663703746118,-18.99451550398832
92989,Bordusani,0.4218562914573045,-18.796700553621122
93021,Bucu,0.01021047094139621,-19.99732143338884
93067,Oras Cazanesti,0.4066976409120344,-18.762054517291052
93085,Ciocanesti,0.03705744083072589,-18.988759910028136
93101,Ciochina,0.03420260191640379,-19.98902196829145
93156,Ciulnita,-0.0,-21.0
93209,Cocora,0.1316573738768238,-19.943462605441848
93236,Cosambesti,-0.0,-21.0
93281,Cuza Voda,-0.0,-21.0
93325,Dichiseni,-0.0,-21.0
93370,Dor Marunt,0.3459166853317732,-16.81374162713073
93441,Dorobantu,0.07898733892552129,-19.96993684286106
93487,Dragalina,0.36414109260721544,-18.79370136792433
93539,Dragos Voda,0.20138765676354936,-19.903239818396912
93575,Facaeni,0.08194724866941641,-18.96968705621302
93600,Gheorghe Doja,-0.0,-21.0
93628,Gheorghe Lazar,0.015789827827056083,-19.99556739775658
93646,Giurgeni,-0.0,-21.0
93664,Gradistea,0.04529781238924956,-19.984655648846847
93717,Grindu,0.06643677562913329,-18.977837981754064
93735,Grivita,0.007349193911303297,-19.998162329272553
93771,Independenta,0.01715894340747514,-19.995117514746134
93815,Jegalia,-0.0,-21.0
93851,Lehliu,0.2529680994545301,-19.87024586602097
93888,Oras Lehliu Gara,0.43071319453181867,-19.73851511246376
93931,Lupsanu,0.046607261309566224,-18.985218076814057
93995,Mihail Kogalniceanu,-0.0,-21.0
94045,Milosesti,0.011324717624299596,-19.99698227773235
94081,Movila,0.06177679376353108,-19.97770628990212
94107,Munteni-Buzau,0.020535058088742546,-19.99397958528787
94125,Alexandru Odobescu,0.015866562560283952,-19.995542369940047
94161,Perieti,0.021478871870195926,-18.994254389233916
94223,Perisoru,0.010307068733798042,-18.99754676687615
94269,Reviga,0.07915242612531483,-19.969860002193105
94312,Roseti,0.008219092881323331,-19.99791159295366
94330,Salcioara,0.08663993365517461,-19.966331123574637
94376,Saveni,-0.0,-21.0
94429,Scanteia,0.011811933044556688,-19.99683210934592
94456,Sfantu Gheorghe,-0.0,-21.0
94492,Stelnica,0.04199957036159024,-19.985982006920416
94535,Suditi,-0.0,-21.0
94562,Stefan Cel Mare,-0.0,-21.0
94580,Stefan Voda,0.11165635006689426,-19.953955151671376
94606,Ulmu,-0.0,-21.0
94651,Unirea,-0.0,-21.0
94688,Valea Ciorii,-0.0,-21.0
94731,Valcelele,-0.0,-21.0
94768,Vlad Tepes,0.15802057152065596,-19.928890993803304
94795,Vladeni,0.042330991256366086,-19.985849775164887
95060,Municipiul Iasi,0.09524736567108039,-2.972955736052249
95088,Barnova,0.04426661593704373,-15.988421003628492
95159,Holboca,0.1171348873844919,-18.95308251189885
95239,Rediu,0.03496952496001376,-18.98965633271955
95293,Tomesti,0.006365579856443905,-19.998440090645268
95355,Oras Harlau,0.2350415619255066,-19.882004037633386
95391,Municipiul Pascani,0.10076022269520579,-14.964109896497513
95471,Oras Targu Frumos,0.6042677335948958,-17.684596174030222
95499,Ion Neculce,0.006284411407236694,-19.998462721893492
95612,Alexandru I. Cuza,-0.0,-21.0
95667,Andrieseni,0.0094976687064816,-19.997535128229366
95747,Aroneanu,-0.0,-21.0
95792,Baltati,0.006710762304902988,-19.998343343445462
95872,Belcesti,0.03983060922989899,-18.987423403319813
95943,Bivolari,-0.0,-21.0
96003,Ungheni,-0.0,-21.0
96058,Braesti,-0.0,-21.0
96110,Butea,0.04712533862634574,-19.983910953772604
96147,Ceplenita,-0.0,-21.0
96192,Ciortesti,-0.0,-21.0
96254,Ciurea,0.24409051352634767,-18.87723632435734
96334,Coarnele Caprei,-0.0,-21.0
96370,Comarna,0.06555901580075141,-19.976041178801914
96423,Costuleni,0.009469210495171958,-19.997543604795347
96478,Cotnari,0.04858010423009991,-19.98331330139287
96593,Cozmesti,0.01710364137982765,-19.99513582137336
96637,Cristesti,0.024284680406503882,-19.992672174472403
96664,Cucuteni,0.04359618371352918,-19.98534281855311
96717,Dagata,0.22717955826711964,-19.88706435103478
96815,Deleni,-0.0,-21.0
96888,Dobrovat,-0.0,-21.0
96904,Dolhesti,0.5260227081212738,-19.657583085913892
96940,Dumesti,0.008770730257263567,-19.997750284067852
97009,Erbiceni,0.00499989176750151,-19.998814463961814
97063,Focuri,0.44105306947692513,-18.737786861749157
97090,Golaiesti,-0.0,-21.0
97189,Gorban,-0.0,-21.0
97241,Grajduri,0.3069188684463499,-19.83308620318674
97321,Gropnita,-0.0,-21.0
97394,Grozesti,-0.0,-21.0
97438,Halaucesti,-0.0,-21.0
97465,Helesteni,0.011505683342355548,-19.996926630407025
97517,Horlesti,-0.0,-21.0
97553,Ipatele,-0.0,-21.0
97606,Lespezi,0.112238314046255,-19.953657085348432
97679,Letcani,-0.0,-21.0
97722,Lungani,0.6375885741647542,-19.554521801472706
97777,Madarjac,0.049186023357449864,-19.983063124977335
97811,Mircesti,0.01880834244856234,-18.995087354244156
97875,Mironeasa,0.2921375023604695,-18.84618809469388
97919,Miroslava,0.014786447862143514,-17.996400245830454
98051,Miroslovesti,0.22797571779693265,-19.886554622528248
98113,Mogosesti,-0.0,-21.0
98168,Mogosesti-Siret,-0.0,-21.0
98202,Mosna,-0.0,-21.0
98220,Motca,0.3675014958103731,-19.78836005696541
98257,Movileni,0.013871202394653762,-19.99618564647653
98300,Oteleni,-0.0,-21.0
98337,Plugari,0.0068211413844649115,-19.99831223749087
98373,Oras Podu Iloaiei,0.33141797677627716,-17.818595755348657
98435,Popesti,-0.0,-21.0
98505,Popricani,0.011518954196720901,-18.997185044797522
98603,Prisacani,0.013784194158336779,-19.996213330129464
98649,Probota,-0.0,-21.0
98685,Raducaneni,0.19396353016876236,-19.90777193031347
98738,Romanesti,-0.0,-21.0
98774,Ruginoasa,-0.0,-21.0
98827,Schitu Duca,0.04700680110746797,-18.985273086898353
98916,Scanteia,-0.0,-21.0
98998,Scobinti,0.00734159792353614,-18.99832857507072
99058,Sinesti,-0.0,-21.0
99101,Siretel,-0.0,-21.0
99165,Stolniceni-Prajescu,0.743017495961082,-18.576788918871372
99209,Strunga,-0.0,-21.0
99290,Scheia,-0.0,-21.0
99370,Sipote,-0.0,-21.0
99441,Tansa,-0.0,-21.0
99478,Tatarusi,0.025894265156453596,-19.992097960654007
99539,Todiresti,0.06903832194646346,-19.974487857988166
99600,Trifesti,0.03940216535256637,-19.987010027499508
99673,Tibana,-0.0,-21.0
99780,Tibanesti,-0.0,-21.0
99879,Tiganasi,-0.0,-21.0
99922,Tutora,-0.0,-21.0
99968,Valea Seaca,0.109338794557094,-19.955137712937287
100004,Victoria,-0.0,-21.0
100086,Vanatori,0.06215970683053713,-18.97885357726605
100148,Vladeni,-0.0,-21.0
100219,Voinesti,0.2443114734828905,-19.875961641352212
100273,Bals,0.047913346679939725,-19.98358774994555
100282,Costesti,-0.0,-21.0
100308,Draguseni,-0.0,-21.0
100317,Fantanele,-0.0,-21.0
100326,Harmanesti,-0.0,-21.0
100335,Rachiteni,-0.0,-21.0
100344,Roscani,-0.0,-21.0
100353,Valea Lupului,0.025367596527556064,-17.993449053186612
100362,Ciohorani,0.33844118976997256,-19.81019742022829
100521,Municipiul Giurgiu,0.22139814199980848,-9.899214357887042
100549,Slobozia,0.4362398395586664,-19.734008654553183
100576,Oras Buftea,0.2746161210669973,-15.86379406002635
100610,Municipiul Oltenita,0.26823542991662586,-14.874414926102537
100638,Mitreni,0.21174987899026437,-19.896820566752957
100683,Municipiul Urziceni,0.15362162376568425,-15.935837992852367
100709,Ciocarlia,-0.0,-21.0
100736,Manasia,0.1689802464606177,-19.922599541034582
100754,Adancata,-0.0,-21.0
100781,Adunatii-Copaceni,0.07042963420506919,-18.97477675012616
100834,Afumati,0.26122878491002205,-14.884787363069941
100852,Alexeni,0.23929034692856657,-19.87924468425584
100870,Armasesti,-0.0,-21.0
100923,Axintele,0.04778713182411587,-19.983639601636256
100969,Balotesti,0.20771086558954388,-12.918304792809144
101001,Baneasa,0.23961659578033356,-19.879032093117182
101056,Barcanesti,0.4645547601681157,-19.710555289590648
101083,Belciugatele,0.20020112048606026,-19.903967934163312
101145,Berceni,0.10614224729914204,-13.967810309719958
101163,Bolintin-Deal,0.02245434203418388,-19.99331581834735
101190,Oras Bolintin-Vale,0.49495548479133405,-19.684704065876307
101243,Brazii,-0.0,-21.0
101298,Branesti,0.0373777097260831,-16.989762688383255
101341,Brezoaele,0.04221791303362593,-19.985894918221877
101378,Bucsani,0.016680213237158778,-19.995275617038427
101458,Oras Budesti,0.667210082297054,-18.528680254645206
101519,Bulbucata,-0.0,-21.0
101564,Butimanu,0.21923465110105197,-19.892117153431364
101617,Buturugeni,0.2407010662541053,-19.878324701730765
101662,Calugareni,0.045754194932379005,-19.98447032136106
101724,Cascioarele,0.12963216590769946,-19.944547824253746
101742,Cernica,0.3809432477385088,-16.785698758548275
101804,Chirnogi,0.5244231624515211,-18.663504138183548
101822,Chiselet,0.5119467852478031,-19.669958226423383
101840,Ciocanesti,0.321801061038121,-19.822385291207198
101902,Ciolpani,0.06840655882756538,-17.977195360372836
101957,Ciorogarla,0.2248813619565971,-18.890788430765824
101984,Clejani,0.4566809924446099,-19.71713812490253
102035,Clinceni,0.07003894212894721,-17.97633158600891
102071,Colibasi,0.1746549963246583,-19.919290055983517
102106,Comana,0.2832003419498348,-19.849743319197962
102160,Corbeanca,0.14986086690438372,-13.952483778462796
102213,Cornetu,0.23808926167912772,-17.88546826018469
102240,Cosereni,-0.0,-21.0
102286,Crevedia,0.06565112286484173,-16.98022349178872
102348,Crevedia Mare,0.2592188258095923,-19.866075282653124
102419,Curcani,0.655370609807558,-19.537298429514095
102446,Daia,0.04348812470830152,-19.985386250423154
102473,Dascalu,0.06810239499965358,-18.97670500260711
102525,Darasti-Ilfov,0.03554130705129463,-19.98851001529225
102543,1 Decembrie,0.2529378277760318,-16.87553374974271
102570,Domnesti,0.1167433665552416,-17.954860323262004
102605,Dragomiresti-Vale,0.01949688671015988,-18.994902902704077
102641,Dragoesti,0.02488174488484902,-19.992460051429894
102703,Dridu,0.020030541836389498,-19.994152097075187
102749,Oras Fierbinti-Targ,0.02839653281033951,-18.99181755226119
102794,Floresti-Stoenesti,0.021130042394403196,-19.99377507179855
102838,Frasinet,0.33591377280058937,-19.81206359739425
102909,Fratesti,0.22154052455875262,-19.89065701614411
102945,Frumusani,0.5356772621921808,-15.666510938614849
103014,Fundeni,0.3138905286535291,-19.828096945033273
103032,Oras Fundulea,0.23680113704284197,-19.88086337759198
103087,Gaiseni,0.26531700243625234,-19.861971798296842
103130,Ganeasa,0.5895070790913193,-17.610298647370666
103194,Gaujani,0.4203776050107334,-19.74687963828074
103238,Ghimpati,0.27295408865256465,-19.85678492427032
103283,Garbovi,0.04227536237634403,-19.985871986751864
103309,Gogosari,0.11811292598535254,-19.950623568479752
103354,Gostinu,-0.0,-21.0
103372,Gostinari,0.5556770708766109,-19.631044726839953
103407,Gradinari,0.044811346357392444,-18.986254917549743
103443,Gradistea,0.05787758717966977,-19.979396550866262
103470,Greaca,0.026051378066144888,-19.99204151183183
103513,Gruiu,0.015306730441185783,-17.99635025228045
103568,Gurbanesti,0.2554227565045787,-19.868612392678987
103639,Hotarele,0.1791662120817179,-19.91663432830498
103693,Iepuresti,-0.0,-21.0
103764,Ileana,0.16941617238297865,-19.922346554082598
103862,Ion Roata,0.3826541160989571,-18.780326365171703
103899,Izvoarele,0.07823108293849579,-19.970288304449298
103960,Jilavele,0.1072842984078745,-19.956180083957733
103997,Joita,0.07627058481652224,-19.971195259039632
104047,Letca Noua,0.16805089856903224,-19.923138188147455
104083,Luica,0.1680039934715324,-19.923165349108565
104118,Mihai Bravu,0.08536297376283464,-18.968921448285233
104136,Oras Mihailesti,0.14372160574789666,-18.940475856224186
104181,Manastirea,0.4176792423003248,-19.74904978897508
104225,Marsa,-0.0,-21.0
104243,Moara Vlasiei,0.03480448597793154,-18.989538439247404
104270,Movilita,0.14366853337139704,-19.936924669537945
104323,Nana,0.4722009168017228,-19.70411817747631
104341,Nicolae Balcescu,0.1353586867158899,-19.941466335212354
104387,Niculesti,0.1492099507104388,-18.93552781596089
104421,Nuci,0.10489626394542759,-19.95738457014018
104485,Ogrezeni,-0.0,-21.0
104519,Oinacu,0.02289001203834781,-19.993163535993578
104546,Peris,0.024428223598961248,-18.993415716021545
104582,Petrachioaia,0.3024482183078243,-19.836263512084752
104635,Plataresti,0.19530115309744905,-18.911403534616365
104680,Prundu,0.4634369589625411,-19.711492665362083
104715,Putineiu,0.26129666915235333,-19.86468092653484
104751,Radovanu,0.10441368506336274,-19.95762704014095
104788,Rasuceni,0.19725705994089254,-19.90576834456613
104831,Roata De Jos,0.20648543572258013,-19.90009532573071
104886,Sarulesti,0.5820683858749854,-19.606900642788773
104975,Schitu,0.12325914215152725,-18.952194908755807
105026,Sinesti,0.38019154448601344,-19.778607929155097
105106,Singureni,0.3120340891702675,-19.829429591315723
105142,Slobozia Moara,0.016725520769046803,-19.995260690246614
105160,Snagov,0.03923500519295955,-14.990210618129566
105222,Sohatu,0.14318869890639546,-19.937189142703573
105259,Spantov,0.6327100500170051,-19.559209400129134
105295,Stanesti,0.053246349306886764,-19.98136810762473
105348,Stoenesti,0.0646055327982403,-19.976463275856894
105384,Soldanu,0.5805579554965528,-19.608295692095624
105419,Stefanestii De Jos,0.7015523677062345,-12.630588920429636
105455,Tamadau Mare,0.12402034191477063,-19.94752852141441
105534,Tartasesti,0.11895398067843833,-16.954001089838226
105570,Tunari,0.32464076705338213,-15.831592663081175
105605,Ulmeni,0.398024399632398,-19.764685562326868
105623,Ulmi,0.0034729310160691103,-19.999214762586785
105712,Valea Argovei,0.1344144846735586,-19.941977158272387
105776,Valea Dragului,0.30552246359922725,-19.83408049485839
105794,Valea Macrisului,0.15860514955243743,-19.928558792924036
105829,Vasilati,0.08149416694601741,-19.96876549522723
105874,Varasti,0.5348890453765911,-19.649714500007185
105909,Vedea,0.3857297881635021,-19.774311274340153
105936,Vidra,0.3917712517381945,-19.769596287312638
105972,Vanatorii Mici,0.012269378205344728,-19.996690120804065
106318,Municipiul Baia Mare,0.5162769962425398,-5.742792320995198
106363,Grosi,0.08055547492399884,-19.96920524424967
106407,Recea,0.23625985181998177,-17.900557524169713
106461,Oras Tautii-Magheraus,0.4464305410283249,-16.761423887323662
106559,Municipiul Sighetu Marmatiei,0.5772049289680522,-13.711022514557758
106620,Sarasau,0.1597301475622499,-17.940234171866
106648,Vadu Izei,0.014140203873983334,-19.996099858883305
106684,Oras Baia Sprie,0.6566788445353883,-15.63696063794481
106746,Oras Borsa,0.11912781163185934,-16.958998880753207
106782,Oras Cavnic,0.4664515941519123,-16.73777645869011
106817,Oras Targu Lapus,0.4096592404219764,-17.780180001475706
106979,Oras Viseu De Sus,0.3686849936681731,-14.84656143345204
107001,Ardusat,0.022756720453274162,-19.99321018818469
107047,Arinis,0.3632458809802944,-18.801022303478817
107083,Asuaju De Sus,0.03151692421800711,-19.990035837012204
107118,Baita De Sub Codru,0.06819223491538862,-19.974867460337634
107154,Baiut,0.6607404255107927,-18.541761017060985
107190,Basesti,0.18713329125719336,-19.911891237605456
107234,Bicaz,-0.0,-21.0
107270,Bistra,0.4410887070519597,-17.772971429305635
107314,Barsana,-0.0,-21.0
107350,Bocicoiu Mare,0.8992046661348465,-17.447421582714444
107403,Bogdan Voda,-0.0,-21.0
107430,Boiu Mare,-0.0,-21.0
107485,Botiza,-0.0,-21.0
107519,Budesti,0.007907255112232087,-19.998002
107546,Calinesti,-0.0,-21.0
107582,Cernesti,0.14894732087136914,-18.93659927837451
107662,Cicarlau,0.04404876213837605,-19.985160646680473
107715,Campulung La Tisa,0.7529638323376606,-17.56318619095359
107733,Copalnic-Manastur,0.2891116118471697,-18.853043195762098
107868,Coroieni,0.49662923953368,-19.683260905129202
107920,Cupseni,-0.0,-21.0
107975,Desesti,-0.0,-21.0
108017,Oras Dragomiresti,0.02508300742231795,-19.99238831281261
108035,Dumbravita,0.044193643114410736,-18.986846522589325
108106,Farcasa,0.12332136715549322,-18.95502256408264
108151,Giulesti,0.00785694771324386,-19.998016530880317
108204,Ieud,-0.0,-21.0
108222,Lapus,0.03625404900740782,-19.988235706032704
108240,Leordina,0.01479479999627014,-19.9958898653545
108268,Miresu Mare,0.0905594756994337,-18.967460981557664
108348,Moisei,0.003046027634018375,-19.99932256979664
108366,Oarta De Jos,0.044352221359946556,-19.98503825660968
108400,Ocna Sugatag,0.40480177682196006,-16.80692088959066
108455,Petrova,0.0846604844373609,-18.971725361523717
108473,Poienile De Sub Munte,0.1697549540725558,-17.93005879927295
108491,Remetea Chioarului,0.6788521201313255,-17.636709987397605
108552,Remeti,0.8100427397684441,-16.56110286960922
108598,Repedea,0.14146176047560333,-17.948411921339797
108614,Rona De Jos,0.05042490427605248,-19.982549345367982
108632,Rona De Sus,0.49434199448243027,-17.754954276545547
108669,Rozavlea,0.03313990222641638,-19.98942528228165
108696,Ruscova,0.31345317484659274,-16.86573395287633
108712,Satulung,0.5885005896122072,-18.647529534726846
108794,Sacalaseni,0.17284032664854299,-18.926930155440086
108874,Sacel,0.014325500409174834,-18.99643229419862
108892,Oras Salistea De Sus,-0.0,-21.0
108918,Salsig,0.36314231809811137,-18.80330466029835
108945,Sapanta,0.023867687660964858,-18.99358698979592
108963,Oras Seini,0.5664417446136645,-17.68792230338984
109005,Stramtura,0.008768578799834977,-19.99775091654191
109041,Suciu De Sus,0.20219194745635904,-18.906938297284285
109096,Sisesti,0.01028869368851989,-19.99729782389991
109176,Oras Somcuta Mare,0.5017513133370892,-17.723705296894497
109265,Oras Ulmeni,1.0147352214100605,-17.395674023060515
109354,Valea Chioarului,0.3088136982517559,-18.83692837465565
109425,Vima Mica,-0.0,-21.0
109504,Viseu De Jos,0.06136247003047532,-19.977887179761076
109773,Municipiul Drobeta-Turnu Severin,0.06895196940739522,-6.980478276044226
109826,Simian,0.2839529031146484,-17.852868586747206
109924,Oras Baia De Arama,0.3349494400682219,-19.812774225515092
110027,Obarsia-Closani,-0.0,-21.0
110063,Municipiul Orsova,0.2896895368469622,-10.901242475869415
110116,Oras Strehaia,0.3754158923166572,-18.785893352985546
110232,Oras Vanju Mare,0.13094524960302534,-18.94606978025802
110296,Bala,0.05504768374560591,-18.98173055197122
110456,Balta,-0.0,-21.0
110535,Balacita,0.2726829427812779,-19.85696998356183
110571,Bacles,-0.0,-21.0
110688,Balvanesti,-0.0,-21.0
110740,Breznita-Motru,-0.0,-21.0
110820,Breznita-Ocol,0.06897535749749564,-18.976346895077366
110875,Brosteni,0.09953860911974508,-19.960058667501706
110946,Burila Mare,0.06731075469457182,-18.977112448558525
111006,Butoiesti,0.17681097660523137,-19.918023566803296
111097,Cazanesti,-0.0,-21.0
111220,Ciresu,0.0421025356726141,-19.985940950740073
111275,Corcova,0.20015975312161763,-19.903993293294292
111417,Corlatel,0.438707336300529,-19.731989077924805
111444,Cujmir,0.07464111400267869,-19.971944457925893
111480,Devesel,0.30416949591617626,-19.83504224605669
111550,Darvari,0.14021857012316533,-19.93882017041077
111587,Dumbrava,-0.0,-21.0
111685,Floresti,-0.0,-21.0
111783,Garla Mare,0.644250512697474,-19.548094353533628
111818,Godeanu,-0.0,-21.0
111863,Gogosu,0.39299958462086304,-19.76863409842099
111916,Greci,-0.0,-21.0
111989,Grozesti,0.01804897073783837,-19.994821370996874
112030,Gruia,0.6354869290321228,-19.55654319053959
112076,Hinova,-0.0,-21.0
112129,Husnicioara,-0.0,-21.0
112245,Eselnita,0.6657084029480852,-16.607371820047966
112263,Ilovat,-0.0,-21.0
112334,Ilovita,-0.0,-21.0
112370,Isverna,0.024931734860574213,-19.992442243846
112469,Izvoru Barzii,-0.0,-21.0
112548,Jiana,0.4858475742345387,-19.692520969115485
112600,Livezile,-0.0,-21.0
112664,Malovat,0.04793929177252445,-19.983577087189463
112744,Obarsia De Camp,-0.0,-21.0
112771,Oprisor,-0.0,-21.0
112806,Padina,-0.0,-21.0
112879,Patulele,0.022683753456898544,-19.99323570360967
112904,Dubova,0.8204675908883696,-17.48997825722749
112959,Podeni,-0.0,-21.0
112995,Ponoarele,0.015160845158155458,-19.99577168916978
113153,Poroina Mare,-0.0,-21.0
113206,Pristol,-0.0,-21.0
113233,Prunisor,-0.0,-21.0
113395,Punghina,0.6088618795816483,-19.581889257437133
113466,Rogova,0.04098605602514953,-19.98638490599309
113493,Salcia,-0.0,-21.0
113518,Stangaceaua,-0.0,-21.0
113607,Svinita,0.2970900591770493,-18.85780258829979
113625,Sisesti,-0.0,-21.0
113698,Sovarna,-0.0,-21.0
113732,Tamna,0.48395374482133713,-19.69413865345712
113849,Vanatori,0.0674826657992575,-19.975184890765057
113894,Vanjulet,0.4973062941769645,-19.682676543209876
113929,Vladaia,0.46219836295347544,-19.712530241319694
113974,Voloiac,-0.0,-21.0
114060,Branistea,-0.0,-21.0
114079,Vrata,0.5469078397466348,-19.638958043580537
114319,Municipiul Targu Mures,0.8190745442911361,-2.4748303105880174
114355,Cristesti,0.9638127870490187,-17.409480492054662
114382,Sancraiu De Mures,0.8041010071279393,-16.511909972883373
114417,Sangeorgiu De Mures,0.9331613106069736,-14.434242400841962
114453,Santana De Mures,0.9158770152608569,-16.439433448559697
114514,Municipiul Sighisoara,0.7599852441086665,-12.596856463426
114603,Albesti,0.907518287893696,-16.482356587145993
114710,Oras Ludus,0.7840275888500555,-16.540145093856395
114809,Municipiul Reghin,0.8466038481397303,-13.513643365489326
114854,Oras Sovata,0.3886037943210704,-16.80992130738702
114925,Municipiul Tarnaveni,0.7924478440327523,-15.565160271735994
114970,Acatari,0.4348406575824087,-17.777811251145657
115076,Adamus,1.0261766976294582,-17.3813118549283
115147,Alunis,0.8401537986925426,-18.517972627906722
115183,Apold,0.7308728717131412,-17.584959897192523
115236,Atintis,0.8538724112109403,-18.47686650146945
115307,Bahnea,1.124997053333831,-16.33104617634101
115389,Band,1.0872548047774322,-18.340707336808507
115520,Batos,0.8567015020978112,-17.539203814407344
115575,Bagaciu,1.124603836679674,-17.33104391677051
115600,Bala,0.3607170002626958,-18.826983115338884
115637,Balauseri,0.865495509917267,-16.510935623278478
115708,Beica De Jos,0.9328542884759743,-18.438816607377802
115771,Bichis,0.883528401080319,-18.470318869165023
115824,Bogata,0.9047904297648725,-18.452187555645875
115851,Breaza,0.9612108457741022,-18.40949683808016
115897,Brancovenesti,0.9131872455408008,-18.43228663939719
115959,Ceuasu De Campie,0.9622256488151908,-17.410213846158435
116046,Chetani,0.5468361063717957,-18.70697141170161
116126,Chiheru De Jos,0.35171077581975674,-18.829785042407686
116171,Coroisanmartin,0.9485840077336974,-18.438609937071476
116224,Cozma,-0.0,-21.0
116288,Craciunesti,0.6998429711112846,-18.567419972493482
116340,Craiesti,0.0346155872155612,-19.988864491647742
116395,Cucerdea,0.07996378429577075,-18.97363479851986
116439,Cuci,0.715579728810837,-18.606712335873652
116493,Danes,0.6962197060935145,-16.63068536239792
116545,Deda,0.3534969108727798,-18.822015210560494
116590,Eremitu,0.34831683616260345,-18.84163434540502
116652,Ernei,0.714112312596949,-18.601431694714748
116723,Faragau,1.0238727463785269,-18.377682011130197
116796,Fantanele,0.24711207841549127,-18.89383736353433
116867,Galesti,0.20051783141585494,-18.919650692921568
116938,Ganesti,0.849875306824128,-18.500128587155192
116983,Gheorghe Doja,0.7026784582182486,-18.59290893841292
117042,Ghindari,0.30562953669061843,-18.85019383565097
117113,Glodeni,0.8183558022316894,-18.5320198445365
117177,Gornesti,0.7731052469715576,-18.561187009341694
117275,Grebenisu De Campie,0.4409563228589678,-18.757309616661523
117319,Gurghiu,0.83813169114849,-18.49971943115631
117426,Hodac,0.022036990352403255,-18.994053631093397
117505,Hodosa,0.36254551765704623,-18.815282657380013
117550,Ibanesti,0.013626443459591984,-19.996263441395875
117667,Iclanzel,0.20572640072749393,-18.91733700877907
117783,Ideciu De Jos,0.693903627112816,-17.65506199538639
117827,Oras Iernut,0.7189755970893507,-16.610453718130614
117925,Livezeni,1.0127549154559885,-17.395899363346636
117998,Lunca,0.2565522627120356,-17.90049312522631
118058,Lunca Bradului,0.597746436461317,-18.67919143125669
118094,Magherani,0.27672418854549824,-18.870770159029
118209,Mica,0.994549034620442,-18.40505829491959
118281,Oras Miercurea Nirajului,0.5620360370443636,-18.708549661740292
118370,Mihesu De Campie,0.6090246047266703,-18.67631792167338
118469,Nades,1.0303788721857936,-16.4188649806102
118511,Neaua,0.29254778230751416,-18.85167883013907
118575,Ogra,1.0591692940006476,-17.365003403937116
118637,Papiu Ilarian,0.7055716648268625,-18.507544093280416
118691,Panet,0.6616436265831019,-18.64336554304187
118753,Pasareni,0.5643972594657917,-18.70411076291204
118799,Petelea,0.838445987806757,-17.467115410714356
118824,Pogaceaua,0.4953733735462741,-18.71878760272194
118931,Rastolita,0.39284865198605795,-18.809526955186882
118995,Raciu,0.4630244575817847,-18.72847890674972
119153,Rusii-Munti,0.3004061604669403,-18.851187821811163
119206,Saschiz,0.5590230145332727,-16.736661026524416
119242,Oras Sarmasu,0.8345177180899556,-18.514728946450226
119331,Oras Sangeorgiu De Padure,0.6626986111000105,-17.626895662006312
119386,Sanger,0.5835508181906373,-18.68566541958913
119466,Sanpaul,1.0971423101485756,-18.334325362012788
119527,Sanpetru De Campie,0.6253223854030261,-18.664392301845517
119590,Solovastru,0.4055401082619239,-16.78810911284064
119625,Stanceni,0.4256214674765208,-19.74264613053907
119661,Suplac,0.9788943989064764,-17.412084445989258
119723,Suseni,0.9282923969113805,-18.446460301945095
119750,Saulia,0.5227287598723295,-18.698740274594833
119803,Sincai,0.9273588500135019,-18.43646928523397
119858,Taureni,0.48303063247890243,-18.72950074799926
119894,Oras Ungheni,0.7023466465780944,-18.61328791987058
119974,Valea Larga,0.14277494246078726,-18.943768349293304
120076,Vargata,0.45689968946049353,-18.73583472306336
120138,Vatava,0.26693472809242624,-18.866871827527138
120174,Vetca,0.424123549376481,-18.775316653562843
120218,Viisoara,0.7999410183259376,-17.510446634761845
120254,Vanatori,1.067305688401194,-18.353311949040673
120316,Voivodeni,0.8895271369230181,-17.471297508318102
120343,Zagar,0.9008985873155338,-17.45356561105921
120370,Zau De Campie,0.6056633754678729,-17.686299420513965
120478,Chibed,0.11860951463988137,-18.955679546275423
120487,Corunca,0.7499081417728838,-17.535176423486185
120496,Sarateni,0.4974896028286662,-18.72065565803438
120502,Madaras,0.6467880822486032,-18.654559082892415
120511,Bereni,0.11598375788556743,-18.958525404593786
120726,Municipiul Piatra-Neamt,0.0888809868427752,-7.972166506690286
120771,Dumbrava Rosie,0.020088945083071665,-18.99473350624776
120824,Savinesti,0.13665081545864882,-18.9424879700421
120860,Municipiul Roman,0.18402556915026017,-10.92625582791385
120888,Cordun,-0.0,-21.0
120922,Horia,0.13180515834689602,-19.94338321806784
120968,Oras Bicaz,0.150745163585703,-18.935945518985342
121055,Oras Targu Neamt,0.10853428063548504,-13.960092543429917
121108,Agapia,-0.0,-21.0
121153,Bahna,0.44332570118322256,-19.728196563811917
121242,Baltatesti,-0.0,-21.0
121297,Bicaz-Chei,0.12761433361798333,-19.945624080972454
121340,Bicazu Ardelean,0.00962381924509762,-19.997497501425315
121386,Bira,-0.0,-21.0
121466,Bargauani,-0.0,-21.0
121607,Bodesti,0.14198088719744067,-19.93785366090358
121652,Borca,0.15230569836009555,-19.932118253044447
121732,Borlesti,-0.0,-21.0
121796,Botesti,0.005185512616854425,-19.998764415628674
121876,Bozieni,-0.0,-21.0
121938,Brusturi,-0.0,-21.0
122025,Ceahlau,0.01378231560458131,-19.99621392748592
122061,Candesti,-0.0,-21.0
122132,Costisa,-0.0,-21.0
122187,Cracaoani,0.3821265026247518,-19.777109549898093
122249,Damuc,-0.0,-21.0
122285,Dobreni,-0.0,-21.0
122347,Doljesti,0.01793961040410676,-19.994857911612804
122392,Dragomiresti,0.16497646654456488,-19.9249133585722
122463,Dulcesti,-0.0,-21.0
122551,Farcasa,0.07264637969986046,-19.972855820217152
122613,Faurei,-0.0,-21.0
122668,Gheraesti,-0.0,-21.0
122702,Girov,0.07793407329148064,-19.970426092618325
122828,Garcina,-0.0,-21.0
122864,Grinties,0.010441898364045613,-19.997251493981988
122908,Grumazesti,-0.0,-21.0
122953,Hangu,-0.0,-21.0
123013,Icusesti,0.10329690555927169,-19.958186949167267
123102,Ion Creanga,-0.0,-21.0
123175,Margineni,-0.0,-21.0
123228,Moldoveni,-0.0,-21.0
123255,Oniceni,-0.0,-21.0
123371,Pastraveni,0.006939367954156753,-19.998278830881038
123424,Petricani,-0.0,-21.0
123479,Piatra Soimului,0.08700675721628931,-18.96729368252239
123521,Pipirig,-0.0,-21.0
123601,Pangarati,-0.0,-21.0
123674,Podoleni,-0.0,-21.0
123709,Poienari,0.01923842085273083,-19.99442124309257
123790,Poiana Teiului,-0.0,-21.0
123914,Raucesti,-0.0,-21.0
123969,Razboieni,0.09845617380480479,-19.960594124876913
124028,Rediu,-0.0,-21.0
124073,Romani,-0.0,-21.0
124117,Oras Roznov,0.20382636779408267,-19.901738815483807
124153,Sagna,0.00649528600979954,-19.998403831824355
124206,Sabaoani,-0.0,-21.0
124233,Secuieni,-0.0,-21.0
124331,Stanita,-0.0,-21.0
124411,Stefan Cel Mare,-0.0,-21.0
124493,Tarcau,-0.0,-21.0
124563,Tasca,-0.0,-21.0
124616,Tazlau,-0.0,-21.0
124634,Tamaseni,0.007726422158448692,-19.998054161080105
124661,Timisesti,-0.0,-21.0
124723,Trifesti,-0.0,-21.0
124750,Tupilati,-0.0,-21.0
124803,Tibucani,0.08874734355858094,-19.96532274003693
124849,Urecheni,0.07972401579878362,-19.969593626641018
124885,Valea Ursului,-0.0,-21.0
124938,Alexandru Cel Bun,0.019036934914748463,-17.995319613395218
125016,Vanatori-Neamt,0.1478703413506754,-19.9345972377918
125061,Zanesti,-0.0,-21.0
125098,Dochia,-0.0,-21.0
125105,Ruginoasa,-0.0,-21.0
125114,Ghindaoani,-0.0,-21.0
125123,Valeni,0.5581735230202441,-19.62878193508824
125132,Draganesti,-0.0,-21.0
125141,Pancesti,-0.0,-21.0
125150,Gadinti,-0.0,-21.0
125169,Negresti,0.09092161767869573,-19.964275537657684
125178,Boghicea,0.21476925062330707,-19.89492987633811
125347,Municipiul Slatina,0.13925796296548068,-13.94342634882688
125374,Slatioara,0.07874912416972259,-18.97340037953437
125418,Oras Bals,0.15936023561366336,-18.928936567515397
125472,Municipiul Caracal,0.18657106545551927,-15.915248406140734
125490,Draghiceni,-0.0,-21.0
125542,Oras Corabia,0.2650266521359157,-17.864757023638887
125588,Garcov,-0.0,-21.0
125622,Oras Draganesti-Olt,0.26613779176720814,-19.861416887285557
125659,Babiciu,0.02355670053170348,-19.992929381932314
125677,Baldovinesti,-0.0,-21.0
125757,Barasti,-0.0,-21.0
125846,Barza,0.12978183279774091,-19.944467796373917
125873,Bobicesti,0.009646948218511309,-19.997490593671877
125962,Brastavatu,0.07719865960326762,-19.970766670482263
125999,Brebeni,0.2868359830561607,-19.84722222222222
126022,Brancoveni,-0.0,-21.0
126077,Bucinisu,0.025422849947562744,-19.99226691206885
126102,Cezieni,-0.0,-21.0
126148,Cilieni,-0.0,-21.0
126166,Carlogani,-0.0,-21.0
126228,Colonesti,-0.0,-21.0
126326,Corbu,0.3930935255334446,-19.768560462474078
126380,Coteana,0.06402749418026468,-19.976718407668216
126406,Crampoia,-0.0,-21.0
126433,Curtisoara,0.05337313266737115,-19.981314669440795
126503,Cungrea,-0.0,-21.0
126585,Daneasa,0.10982237709863946,-19.95489154542588
126647,Deveselu,0.010118201930079439,-19.997349242574685
126674,Dobretu,-0.0,-21.0
126718,Dobrosloveni,0.07338416464001184,-19.972519484009673
126772,Dobroteasa,-0.0,-21.0
126825,Dobrun,-0.0,-21.0
126905,Fagetelu,-0.0,-21.0
126978,Falcoiu,0.11150803484669561,-19.95403104358129
127019,Farcasele,0.06516787776599967,-19.97621451979643
127064,Ganeasa,0.01045772488973566,-19.99724670126762
127126,Giuvarasti,-0.0,-21.0
127144,Gostavatu,0.13545790653903492,-19.941412593848707
127171,Gradinari,0.5814485466856096,-19.607473326265108
127224,Grojdibodu,0.023804816081978524,-19.992841896221428
127251,Ianca,0.09815206190525885,-19.9607442687389
127288,Iancu Jianu,0.1427309712646546,-19.93744117900248
127322,Icoana,-0.0,-21.0
127368,Izbiceni,0.13133005858187358,-19.94363833895592
127386,Izvoarele,-0.0,-21.0
127411,Leleasca,-0.0,-21.0
127493,Maruntei,0.028867288932089046,-19.991018146870935
127536,Mihaesti,-0.0,-21.0
127563,Milcov,0.03374280732522411,-19.989196807527577
127625,Morunglav,0.009430877417271718,-19.997555015887905
127689,Movileni,0.009486467024972675,-19.997538465276378
127714,Nicolae Titulescu,-0.0,-21.0
127750,Obarsia,0.08741966384633967,-19.965958790944818
127812,Oboga,-0.0,-21.0
127858,Oporelu,-0.0,-21.0
127901,Optasi-Magura,-0.0,-21.0
127938,Orlea,0.026038661062923824,-19.992046083508054
127983,Osica De Sus,0.11429195753892958,-19.95260172165944
128052,Perieti,-0.0,-21.0
128105,Oras Piatra-Olt,0.2622356394002633,-19.86404952047988
128178,Parscoveni,-0.0,-21.0
128221,Plesoiu,-0.0,-21.0
128301,Poboru,-0.0,-21.0
128374,Oras Potcoava,0.2692909906859274,-19.859279396890724
128436,Priseaca,-0.0,-21.0
128472,Radomiresti,0.011597718356217248,-19.996898270510766
128524,Redea,0.02487993112199253,-19.992460697397327
128560,Rotunda,0.013210365138680218,-19.996395109086425
128588,Rusanesti,0.05681066834096635,-18.980932229368978
128613,Scarisoara,0.1842327124454996,-19.913625821985704
128659,Schitu,-0.0,-21.0
128711,Oras Scornicesti,0.0025623142193229604,-19.999442171854504
128864,Seaca,0.014414801062448544,-19.996011980027966
128882,Samburesti,0.018191885863776215,-19.994773555042812
128962,Spineni,0.0513753204173784,-19.98215315761933
129040,Sprancenata,0.06698426263251513,-19.975407349089313
129095,Stoenesti,0.35505521957804276,-19.797797867975945
129111,Stoicanesti,0.028028957026542737,-19.991325085775905
129139,Strejesti,0.04589040345258291,-19.984414926571997
129184,Studina,-0.0,-21.0
129246,Serbanesti,0.012866047357762166,-19.99650350722762
129282,Stefan Cel Mare,0.06791898576444864,-19.97498980004103
129317,Tatulesti,-0.0,-21.0
129380,Teslui,0.008979614106969257,-19.99768875501978
129460,Tia Mare,-0.0,-21.0
129503,Topana,0.03269194752542155,-19.989594457379948
129567,Traian,0.007636581867900583,-19.998080001772873
129585,Tufeni,-0.0,-21.0
129629,Urzica,-0.0,-21.0
129656,Valea Mare,0.12104388110331155,-19.94909349173554
129718,Vadastra,0.02366059866147824,-19.992892769855985
129745,Vadastrita,-0.0,-21.0
129763,Valeni,0.08309084717280069,-19.968014408181787
129816,Verguleasa,0.09189545852562825,-19.963804277429066
129898,Visina,-0.0,-21.0
129914,Vitomiresti,-0.0,-21.0
129987,Valcele,-0.0,-21.0
130026,Vladila,0.01211750791454055,-19.996737365970354
130062,Voineasa,0.07911973141623684,-19.96987522346808
130124,Vulpeni,-0.0,-21.0
130231,Vulturesti,-0.0,-21.0
130286,Balteni,-0.0,-21.0
130295,Calui,-0.0,-21.0
130302,Gavanesti,-0.0,-21.0
130311,Ghimpeteni,0.029803675311478907,-19.99067308950214
130320,Gradinile,0.0189778763251705,-19.994509307226334
130339,Gura Padinii,0.017226720297918482,-19.99509506336865
130348,Ipotesti,0.25744828205447773,-19.86726028501895
130357,Osica De Jos,0.12900886011770113,-19.944880813973725
130366,Sarbii - Magura,-0.0,-21.0
130375,Visina Noua,0.055705905418737545,-19.98032601644873
130384,Soparlita,0.038528895558994296,-19.987352290973256
130534,Municipiul Ploiesti,0.14865819949433728,-4.94348750551661
130552,Barcanesti,0.15200872521443173,-17.93433073752754
130614,Berceni,0.012178602344055326,-18.99701146013114
130678,Blejoi,0.10098179790383292,-16.96255598836507
130712,Brazi,0.016544340835814846,-17.995964349408414
130785,Bucov,0.21338177239405381,-18.89806222584564
130847,Paulesti,0.05142164453329413,-15.985723315644162
130892,Targsoru Vechi,0.006437342829142707,-19.99842004387211
130954,Oras Azuga,0.07868465706654199,-17.974405128589392
130981,Oras Baicoi,0.024699881513743915,-18.99328393313587
131069,Oras Boldesti-Scaeni,0.21198768230748638,-17.898793715873072
131103,Oras Breaza,0.010234097350473988,-17.99767071685546
131210,Oras Busteni,0.07076436810232115,-17.97712130159249
131256,Municipiul Campina,0.12297936180955577,-13.954728141619837
131274,Poiana Campina,0.03689000750853132,-17.98967322700577
131336,Oras Comarnic,0.0050538951029727944,-19.998799931857246
131407,Oras Mizil,0.44698976047212,-18.726884946655733
131443,Oras Plopeni,0.07057903321265092,-17.97602483293462
131461,Dumbravesti,0.29720540350856095,-19.839967449020058
131540,Oras Sinaia,0.11490191040067399,-15.960727127055456
131577,Oras Slanic,0.014708372985217474,-19.995917690151693
131620,Oras Urlati,0.0752838162594254,-18.972468006684828
131817,Oras Valenii De Munte,0.06139014875529928,-16.979419218283258
131835,Gura Vitioarei,-0.0,-21.0
131899,Adunati,-0.0,-21.0
131933,Albesti-Paleologu,0.013212424532487674,-19.99639445920949
131988,Alunis,0.12371368599096985,-19.947690270644316
132011,Apostolache,0.11398133098157152,-19.952761705337757
132075,Aricestii Rahtivani,0.1597582332850423,-16.93671356227759
132137,Aricestii Zeletin,-0.0,-21.0
132164,Baba Ana,-0.0,-21.0
132226,Balta Doamnei,-0.0,-21.0
132271,Baltesti,0.35400904111001447,-19.7985853915948
132315,Banesti,0.016580344260588253,-18.99571720583332
132342,Bertea,-0.0,-21.0
132379,Boldesti-Gradistea,0.01941016738426582,-19.994363066453502
132404,Brebu,-0.0,-21.0
132459,Calugareni,-0.0,-21.0
132486,Carbunesti,-0.0,-21.0
132510,Ceptura,-0.0,-21.0
132574,Cerasu,-0.0,-21.0
132645,Chiojdeanca,-0.0,-21.0
132681,Ciorani,0.03374932832175515,-18.98999375983887
132716,Cocorastii Mislii,0.00972401297162038,-19.99746755709374
132752,Colceag,0.0217070431957441,-19.993575653948234
132805,Cornu,0.00563117236680865,-19.998643148522234
132841,Cosminele,-0.0,-21.0
132896,Drajna,0.005004251853059945,-19.998813291557543
133018,Draganesti,0.1692660837519261,-19.922433680555557
133090,Dumbrava,0.46281880518392765,-18.71552017012315
133161,Filipestii De Padure,0.2031694443221271,-18.90873337151362
133214,Filipestii De Targ,0.4493622024768633,-19.723214989570003
133278,Fantanele,0.021183720533384826,-19.993756564868526
133330,Floresti,0.13295499498918767,-18.944301591254124
133394,Fulga,0.1588374807361318,-19.9284266583131
133429,Gherghita,-0.0,-21.0
133508,Gorgota,0.027592756552327014,-18.992187279491045
133562,Gornet,-0.0,-21.0
133615,Gornet-Cricov,-0.0,-21.0
133688,Gura Vadului,0.010250280005487854,-19.997309421922928
133722,Iordacheanu,0.011905304081416553,-19.996803204996844
133795,Izvoarele,0.08338861268120235,-19.967873909478556
133866,Jugureni,0.03134732940431287,-19.990099254968936
133919,Lapos,-0.0,-21.0
133964,Lipanesti,0.06643824178947026,-19.97565058012683
134014,Magurele,0.03355415171857798,-19.989268395632365
134050,Magureni,-0.0,-21.0
134096,Maneciu,0.020063179898085367,-18.99446059289985
134194,Manesti,0.022561960001293797,-19.99327825637868
134336,Pacureti,0.01082200694500937,-19.997136044075766
134390,Plopu,-0.0,-21.0
134443,Podenii Noi,0.2509548043576197,-19.871581450653984
134559,Poienarii Burchii,0.025902548931749658,-19.992094986142604
134648,Posesti,0.0808792228784446,-18.970453031001075
134755,Predeal-Sarari,-0.0,-21.0
134853,Provita De Jos,0.32980369208545013,-19.816552987431955
134899,Provita De Sus,-0.0,-21.0
134942,Puchenii Mari,-0.0,-21.0
135020,Rafov,0.06775862831373522,-19.975061537409825
135128,Salcia,-0.0,-21.0
135146,Salciile,-0.0,-21.0
135164,Scorteni,-0.0,-21.0
135226,Secaria,-0.0,-21.0
135244,Sangeru,0.45938237628202444,-19.714884906035927
135315,Starchiojd,0.05620101012028621,-19.980114878908235
135404,Surani,-0.0,-21.0
135431,Sirna,0.06945480626663318,-19.97430056242503
135501,Soimari,-0.0,-21.0
135547,Sotrile,0.44731484299984514,-19.724907662779632
135618,Stefesti,0.013816213387917031,-19.996203146151966
135654,Talea,-0.0,-21.0
135681,Tataru,-0.0,-21.0
135725,Teisani,-0.0,-21.0
135789,Telega,0.01682312095424406,-19.99522850957912
135850,Tinosu,0.01991666088367588,-19.994190920663918
135896,Tomsani,0.02017822741893271,-19.99410168499989
135949,Valea Calugareasca,0.028631444798211222,-18.991869956041604
136107,Valea Doftanei,0.01219510893493469,-19.99671323815814
136134,Varbilau,0.35655862114647063,-19.796664589903095
136198,Valcanesti,0.23858364658282438,-19.87970483945543
136241,Cocorastii Colt,0.11850045407987299,-19.950421891901026
136250,Olari,-0.0,-21.0
136269,Vadu Sapat,-0.0,-21.0
136278,Batrani,-0.0,-21.0
136483,Municipiul Satu Mare,0.8105385016825873,-6.4956288194738345
136526,Municipiul Carei,0.8809986679464102,-14.464376897671583
136553,Capleni,0.42716676985378527,-17.816473006447843
136599,Oras Negresti-Oas,0.24389703592288756,-15.90333940311183
136642,Oras Tasnad,1.0033098352200918,-16.408864373083595
136713,Acas,1.0806547853026696,-17.351399226666388
136768,Andrid,0.8972183095168957,-18.438597824913604
136802,Apa,0.7844722408427824,-18.558962839151313
136848,Oras Ardud,1.0707801988934198,-16.421592299702837
136919,Batarci,0.40869273697001895,-18.77588674640073
136964,Beltiug,1.3232841899036005,-16.288047349921563
137032,Berveni,0.8397976638530991,-17.49227327094862
137069,Bixad,0.055655501248031605,-17.983474884907565
137103,Barsau,-0.0,-21.0
137130,Bogdand,0.8370942261426253,-18.47518306838731
137185,Botiz,0.7504973100116237,-17.565790949504514
137229,Calinesti-Oas,0.04123066667919848,-18.98711191283152
137274,Camarzana,-0.0,-21.0
137292,Cauas,1.0253352112632315,-18.378752334518143
137363,Cehal,0.6345688577480044,-19.55742525636864
137407,Certeze,0.11557936982237244,-17.95858501235133
137443,Craidorolt,1.0941650383404529,-16.396412660920067
137504,Crucisor,0.45119059708259474,-17.793055365269748
137540,Culciu,0.7508067602216707,-16.4912019780204
137611,Doba,1.0004645549353435,-17.457175715534284
137675,Dorolt,0.47550919180186135,-18.765918166462136
137728,Foieni,0.8686136361460144,-17.531331384885455
137746,Gherta Mica,0.10752532530121187,-18.962087217219096
137764,Halmeu,0.8083619791396799,-17.488969255452776
137844,Hodod,0.7904580839417431,-17.539285612968772
137899,Homoroade,0.3755342707114811,-17.837929474692945
137960,Lazuri,0.5744598562863724,-16.69122387989458
138039,Oras Livada,0.8039034407250749,-16.498607858304393
138084,Mediesu Aurit,0.6944433455871777,-17.619661829801558
138164,Micula,1.263895843051965,-16.3088772920123
138208,Moftin,1.1651202941320513,-14.394108012852778
138280,Odoreu,0.8223893789662935,-16.528283339706146
138351,Orasu Nou,0.6777782558312724,-18.538045344356217
138431,Paulesti,0.9781346873785985,-17.408971340952178
138501,Petresti,1.233505096057591,-16.337091230008635
138538,Pir,0.9223492287383107,-18.43430951411549
138574,Piscolt,0.9602863822559573,-17.437668340997984
138618,Pomi,0.26387349859641424,-18.875192210741435
138663,Sanislau,1.0973758048520605,-17.374306711907273
138734,Santau,0.9639530138184607,-18.416264623386734
138770,Sacaseni,1.0120738370626325,-17.397089663294576
138805,Sauca,1.050415063482152,-18.365633154294322
138869,Socond,0.7868681820689419,-17.491979046219452
138921,Supur,0.9064903933879299,-17.470282389174173
139009,Tarna Mare,0.3214260798473757,-16.86803579266087
139054,Terebesti,0.8379029161178171,-16.539938315626333
139107,Tiream,1.2839184446459333,-17.302035189676474
139143,Tarsolt,-0.0,-21.0
139170,Turt,0.13065302978669313,-18.95135082084815
139214,Turulung,0.9526426726866536,-17.462761448299783
139250,Urziceni,1.1132089396565683,-17.39773295755061
139287,Valea Vinului,0.3116366843084625,-16.87151889749436
139330,Vama,0.6217107718666935,-17.59212771255784
139358,Vetis,0.9451749924395925,-16.43515351536876
139394,Viile Satu Mare,1.0283705502246299,-17.385210813325862
139704,Municipiul Zalau,0.5443636043486131,-11.695882187606434
139740,Oras Cehu Silvaniei,0.8591322062673902,-17.455797796891503
139811,Oras Jibou,0.5927018180415946,-15.691522718541066
139884,Oras Simleu Silvaniei,0.8582006770220083,-14.509060615523595
139937,Agrij,0.6108172708791145,-18.591115708409475
139982,Almasu,0.9185575974706415,-18.442122198718643
140084,Babeni,0.13312386777823343,-18.950102900878235
140146,Balan,0.14722355972597495,-18.94021922527496
140208,Banisor,0.09176689631503769,-18.968314673207185
140244,Benesat,0.5909817042388745,-19.598635690986857
140280,Bobota,0.5021333439420195,-18.708881560969616
140324,Bocsa,0.9279767923798368,-18.426674073946863
140379,Buciumi,0.4477584193838168,-19.72454120221718
140440,Camar,0.4613046039942489,-18.77473524865355
140477,Carastelec,0.3770310853487822,-18.822814329312294
140501,Chiesd,0.5270281570757837,-18.72911981406251
140547,Cizer,0.3605588745503965,-19.79364013919812
140583,Coseiu,0.7767516608451099,-18.481601934043013
140627,Crasna,0.8468027363393196,-17.501508410725233
140672,Creaca,0.14409664712347725,-18.944550223631886
140770,Cristolt,-0.0,-21.0
140823,Criseni,0.765023049524486,-18.530427647552216
140869,Cuzaplac,0.7423374857028111,-18.58170110868146
140958,Dobrin,0.5810439831072018,-18.666340401242252
141027,Dragu,0.6748661329162415,-18.5509612474528
141081,Fildu De Jos,0.9953832560303304,-18.407004677833108
141134,Galgau,0.2036715045360432,-18.913271587424383
141232,Garbou,0.3402064082690761,-18.820614337536547
141312,Halmasd,0.5217237311235667,-17.708877408757996
141376,Hereclean,0.7623265600441124,-18.50195220636808
141447,Hida,0.1942880097369733,-18.92176314882781
141535,Horoatu Crasnei,0.6708697226384484,-18.63400086891164
141580,Ileanda,0.38523206107067093,-17.788694436744148
141722,Ip,1.064189185263484,-17.387480108445807
141786,Letca,0.12759643192641648,-18.951602070445652
141884,Lozna,0.060294978505620475,-18.980842190784276
141946,Marca,0.7333892682570189,-17.621815412240387
142006,Maeriste,0.47610640208401456,-17.755701724509315
142079,Mesesenii De Jos,0.8143892771255227,-18.499962717828463
142122,Mirsid,0.6654615982681207,-18.61616869620692
142177,Napradea,0.4770472867725354,-18.7096290531971
142239,Nusfalau,0.8351678752772981,-16.53756136862971
142284,Pericei,0.8624846933375871,-18.465689271449886
142337,Plopis,0.8526027268999242,-18.47714489628462
142373,Poiana Blenchii,0.33082212618986573,-19.815806871883634
142426,Romanasi,0.4548394120954495,-18.731087023773625
142499,Rus,0.06310556053494948,-19.97712413134468
142550,Salatig,0.6856946831129858,-19.507433965729504
142612,Sag,0.6476989671946496,-18.61825773092006
142676,Sanmihaiu Almasului,0.5515154616088097,-18.664069007705123
142710,Somes-Odorhei,0.32476651663812717,-18.846711088192738
142774,Surduc,0.2533076947426586,-18.877580689853794
142854,Samsud,0.278633713417708,-18.875748081557457
142881,Sarmasag,0.6863788541243034,-18.623442944556174
142952,Valcau De Jos,0.5517905451096522,-18.695811008532306
143021,Varsolt,0.7582027234288105,-18.53578897917876
143067,Zalha,0.06004225408334664,-18.98111358851715
143147,Zimbor,0.3050049087385025,-18.8630145249681
143450,Municipiul Sibiu,0.19747091009157366,-5.9319806530616574
143487,Cristian,0.08507450919530339,-17.970708565916635
143502,Poplaca,0.11972735798888015,-19.949782123498778
143520,Rasinari,0.24882565435137483,-16.880700450481758
143557,Selimbar,0.1753721809722461,-14.940612213478467
143619,Municipiul Medias,0.6080880509757495,-8.707596369443472
143646,Tarnava,0.7959017852561281,-17.516697874976686
143682,Oras Agnita,0.27468305880112887,-17.891535026358802
143735,Oras Cisnadie,0.1653315951571224,-16.942470085251937
143771,Oras Copsa Mica,0.6766273420946955,-17.645918219151742
143806,Oras Dumbraveni,0.8399013372313564,-15.545495324195617
143851,Oras Ocna Sibiului,0.3698792923399774,-17.810487227653297
143888,Altina,0.7785412291328667,-17.54546848296082
143922,Apoldu De Jos,0.07894960119001918,-19.96995440213973
143959,Arpasu De Jos,0.2073671367100296,-17.917844965784933
143995,Atel,0.6425833163940065,-16.683863662637073
144054,Oras Avrig,0.21888405865016164,-16.91734958628786
144116,Axente Sever,0.3008714314120456,-17.864634566780612
144152,Bazna,0.7906800382303786,-17.58243635013824
144198,Biertan,0.5037197890200373,-16.765600808673597
144232,Barghis,0.7566270171429005,-17.53852151622783
144303,Blajel,0.8656061227723806,-16.522340784919397
144349,Brateiu,0.7915225659581587,-17.490026379384194
144376,Bradeni,0.7861071153237215,-17.494061609434837
144410,Bruiu,0.49003153249532544,-17.76394018672412
144456,Chirpar,0.49084154039154604,-17.7571362968986
144508,Carta,0.4345889056250609,-16.812367274952308
144535,Cartisoara,0.02695599603103944,-19.991715139216115
144553,Darlos,0.6817803968517208,-16.61158014786985
144599,Gura Raului,0.030617774620810015,-19.990371225076117
144615,Hoghilag,0.7674620482357285,-16.555580649786474
144651,Iacobeni,0.741391838906517,-17.515644674751748
144713,Jina,0.19106281545792037,-19.90952727454703
144731,Laslea,0.9179507759361316,-16.467169985796954
144795,Loamnes,0.06966621460222222,-17.978909240041133
144866,Ludos,0.4029202406918704,-17.816528042195937
144893,Marpod,0.38056459417193955,-17.829220864565364
144928,Oras Miercurea Sibiului,0.5163035073188939,-17.718007870408925
144964,Merghindeal,0.6298196133576929,-17.65884066587396
144991,Micasasa,0.3070935844573653,-17.869126607937513
145042,Mihaileni,0.6699334910216053,-17.59808450151946
145104,Mosna,0.5489187037456187,-17.718270279596275
145140,Nocrich,0.3261634080340594,-17.833192944767934
145202,Orlat,0.11130779080736491,-17.961737223467424
145220,Pauca,0.2015822419570447,-18.91917842279882
145275,Poiana Sibiului,0.08135077701388366,-19.96883275646437
145293,Porumbacu De Jos,0.3532460383614621,-17.823422976227683
145355,Racovita,-0.0,-21.0
145382,Rau Sadului,-0.0,-21.0
145408,Rosia,0.06459406172249883,-16.981195722653347
145471,Sadu,0.051890535043751115,-18.983669620637365
145499,Oras Saliste,0.19832732684986462,-16.92030421751726
145603,Slimnic,0.12129490519150063,-17.95970496553092
145667,Seica Mare,0.44736099845210214,-17.797300491122332
145738,Seica Mica,0.20602369902410325,-17.920539724240545
145765,Sura Mare,0.2791122154655075,-16.87954199679991
145792,Sura Mica,0.5409916805576399,-16.702197268126433
145827,Oras Talmaciu,0.22912710311788498,-16.90958667312688
145907,Tilisca,0.057569953800118236,-19.9795287415349
145934,Turnu Rosu,0.06056781634704328,-18.979862141255744
145961,Valea Viilor,0.46211962760632186,-17.77425623214853
145998,Vurpar,0.11651921801334514,-18.957785423272014
146012,Alma,0.7547058767915185,-17.555841715805293
146021,Boita,-0.0,-21.0
146263,Municipiul Suceava,0.11647542139507563,-8.966749993592643
146281,Ipotesti,0.015337719374702548,-17.99634950444154
146325,Mitocu Dragomirnei,0.5825463473388732,-18.696655395188117
146370,Oras Salcea,0.20781788181106609,-16.905522390204084
146432,Scheia,0.18942646368010965,-15.92019866240696
146502,Municipiul Campulung Moldovenesc,0.06592235193737002,-13.982255027905023
146539,Municipiul Falticeni,0.11999929540149275,-9.962321620112894
146584,Oras Gura Humorului,0.16040167504407402,-13.945856147318082
146628,Municipiul Radauti,0.19425750512024215,-9.93833579374786
146655,Oras Siret,0.21520400616894889,-15.91974102544787
146708,Oras Solca,0.10294662396793612,-18.9631598383214
146744,Municipiul Vatra Dornei,0.09044418690458131,-13.973126738780168
146799,Adancata,0.061440195410535636,-19.977853268641315
146860,Arbore,0.08670323331564508,-17.971786145050203
146904,Baia,0.032934104679725754,-18.990317805031616
146931,Oras Milisauti,0.07944497410313633,-17.973135869721744
146995,Balcauti,0.6117616180982672,-18.58482085413636
147036,Bilca,0.077764273592154,-19.970504803855853
147054,Bogdanesti,-0.0,-21.0
147072,Boroaia,-0.0,-21.0
147134,Bosanci,0.14303799195342104,-18.938572737512327
147161,Botosana,-0.0,-21.0
147205,Breaza,0.018478782457143468,-19.994677349943323
147241,Brodina,0.30865642222945927,-17.84853289717134
147358,Oras Brosteni,0.008785102032849794,-19.99774605846642
147465,Bunesti,-0.0,-21.0
147526,Cacica,0.7049339854444807,-17.60252005903713
147580,Calafindesti,0.02130216675778433,-19.993715694803836
147633,Oras Cajvana,0.04835409091851107,-18.984255803739234
147660,Ilisesti,0.03619807852013668,-19.98825729037684
147713,Carlibaba,0.3736958769177081,-18.826818161989955
147786,Cornu Luncii,0.1713918088360449,-16.927106426540313
147884,Crucea,0.015932826199225616,-19.995520739254374
147937,Darmanesti,0.1823802119230745,-17.928847552627033
148006,Oras Dolhasca,0.38402559774361866,-19.775636025725778
148097,Dolhesti,0.1760137500349383,-19.91849246487433
148131,Dorna-Arini,-0.0,-21.0
148202,Dorna Candrenilor,0.06836735300388211,-17.978102873945403
148293,Dornesti,0.23827443087884634,-19.879906030365614
148328,Dragoiesti,0.025625405686349755,-19.9921943956352
148382,Draguseni,0.04062742108652128,-19.98652693561641
148426,Dumbraveni,0.02558666885438604,-19.99220827280395
148453,Fantanele,0.02243582250354076,-19.993322278618106
148514,Forasti,0.4715846593707025,-17.754259768061637
148612,Oras Frasin,0.03846366390031152,-19.987377788313996
148667,Fratautii Noi,-0.0,-21.0
148694,Fratautii Vechi,0.019495932148182873,-18.99489496530035
148729,Frumosu,-0.0,-21.0
148765,Fundu Moldovei,0.006843088349802252,-19.998306043001563
148872,Galanesti,-0.0,-21.0
148916,Gramesti,0.012362465162365102,-19.996661111173253
148970,Granicesti,-0.0,-21.0
149049,Horodniceni,-0.0,-21.0
149101,Horodnic De Jos,-0.0,-21.0
149138,Iacobeni,0.02242517459466489,-19.993325992506378
149183,Izvoarele Sucevei,0.6858391837608923,-19.50729017710424
149227,Oras Liteni,0.016582772256132642,-19.99530769364811
149290,Marginea,0.010054469995211283,-19.997368425620703
149316,Malini,0.039307577122934166,-19.987047182592228
149370,Manastirea Humorului,0.5497069119931419,-18.66818882757765
149414,Moara,0.1473411134652883,-19.93489151465773
149502,Moldova-Sulita,0.22521375280093547,-18.904585386246232
149539,Moldovita,0.08084295015196317,-18.972041073083346
149584,Musenita,0.8489428855431066,-16.550367426584955
149655,Ostra,-0.0,-21.0
149682,Panaci,-0.0,-21.0
149753,Paltinoasa,0.33343890291096495,-17.846192831548173
149780,Partestii De Jos,0.17938870335428977,-18.920105260898886
149833,Patrauti,0.5343499333074344,-18.656021256961512
149851,Poiana Stampei,-0.0,-21.0
149931,Pojorata,0.056740944582834865,-18.981266536763954
149968,Preutesti,-0.0,-21.0
150043,Putna,0.012624453856003363,-19.99657925747578
150070,Radaseni,-0.0,-21.0
150114,Rasca,0.01067294642201182,-19.997181402835587
150178,Sadova,0.04642371572415865,-19.984197666222883
150196,Satu Mare,0.01371942242047019,-18.996603939298726
150221,Siminicea,0.02046657019818986,-19.994003052744645
150258,Slatina,-0.0,-21.0
150294,Straja,-0.0,-21.0
150310,Stroiesti,0.059492113723390555,-19.97869997363043
150356,Stulpicani,0.0618441330372774,-18.978954420488975
150418,Sucevita,0.32399322169245237,-18.825006638684883
150445,Saru Dornei,0.006288656663888308,-19.998461539373274
150524,Todiresti,-0.0,-21.0
150588,Udesti,0.17430153782461352,-19.919497210648967
150702,Ulma,0.6765596762115645,-19.516495584376443
150766,Vadu Moldovei,0.016276796424572536,-19.99540818758151
150891,Valea Moldovei,0.6743404414316907,-19.518688542321826
150935,Vama,0.09870107324725977,-18.96392814763633
150980,Vatra Moldovitei,0.19924394883133867,-18.90937276506402
151022,Veresti,0.34152502363693327,-19.807913173273604
151077,Vicovu De Jos,0.09280726555116627,-19.96336179696081
151095,Oras Vicovu De Sus,0.21329465342246207,-17.89988241212433
151120,Volovat,0.07925236287415538,-16.97389945796578
151157,Vulturesti,-0.0,-21.0
151246,Zamostea,-0.0,-21.0
151344,Zvoristea,-0.0,-21.0
151433,Comanesti,0.4641468688074466,-18.719099578462554
151442,Iaslovat,-0.0,-21.0
151451,Ciocanesti,0.024158762682097767,-19.99271677610205
151460,Serbauti,0.13635814391374435,-19.94092444855539
151479,Horodnic De Sus,0.2464767507239713,-19.874538541962472
151488,Fantana Mare,-0.0,-21.0
151497,Cosna,-0.0,-21.0
151503,Capu Campului,0.21881130613009267,-19.89238465889682
151512,Hantesti,-0.0,-21.0
151521,Burla,0.27937924133535097,-19.85238032670594
151530,Balaceana,0.01441066819505326,-19.99601330494095
151549,Hartop,-0.0,-21.0
151558,Voitinel,0.37178569965146785,-19.78508224609493
151567,Ciprian Porumbescu,0.34164493726036255,-19.807824191144064
151576,Berchisesti,0.18900864769177167,-19.910765052059755
151585,Poieni-Solca,-0.0,-21.0
151683,Municipiul Turnu Magurele,0.14128305660253918,-18.938840405939807
151709,Ciuperceni,0.04079822372282214,-18.987952074219564
151736,Islaz,-0.0,-21.0
151763,Lita,0.009447649465161662,-19.99755002410196
151790,Municipiul Alexandria,0.1071313169882633,-18.957081493134567
151816,Nanov,0.09258506844292769,-19.963469734622947
151834,Poroschia,0.1383323256662497,-19.93985056419391
151870,Municipiul Rosiori De Vede,0.09685340839698113,-17.96264004513229
151905,Oras Videle,0.15668196960833117,-18.931410384960643
151932,Crevenicu,-0.0,-21.0
151978,Oras Zimnicea,0.0684708105756112,-19.974742607356394
151996,Balaci,-0.0,-21.0
152038,Babaita,0.008088854050007314,-19.99794942116209
152083,Blejesti,0.061245649132791666,-19.977938127966222
152127,Bogdana,-0.0,-21.0
152172,Botoroaga,0.03314852793384844,-19.989422019816182
152234,Bragadiru,0.03559055608959033,-19.988491099664227
152252,Branceni,0.2494260157221475,-19.87259309794526
152270,Bujoreni,0.040498826085235126,-19.986577794010227
152314,Bujoru,0.043110190858895454,-19.98553795744764
152332,Buzescu,0.5746863353742422,-19.613703569834463
152350,Calinesti,0.02231162945057061,-19.99336557409692
152412,Calmatuiu,0.053843907078816027,-19.98111597499457
152467,Calmatuiu De Sus,0.04124235127576733,-19.986283233112545
152500,Cervenia,0.12019357637381728,-19.949538511152916
152528,Ciolanesti,0.0078050749938736,-19.99803149797374
152564,Contesti,0.12005597998072058,-18.95286019123774
152582,Cosmesti,0.021026203864974315,-19.993810846554343
152617,Crangeni,0.018039808209698752,-19.994824434100213
152662,Crangu,0.47181721915023744,-19.704442246143635
152724,Didesti,0.030132436345304568,-19.99055139400737
152760,Dobrotesti,-0.0,-21.0
152797,Dracsenei,0.08705948136531266,-19.966130895215272
152868,Draganesti De Vede,0.03872868351334771,-19.98727413914436
152902,Draganesti-Vlasca,0.16968974968211217,-19.922187679099792
152948,Furculesti,0.13261944808761908,-19.942945317944154
152993,Frumoasa,0.02209890570544149,-19.99343962119559
153026,Galateni,0.2354689101948011,-19.881727277299934
153062,Gratia,0.11812743303557338,-19.95061602221503
153106,Izvoarele,0.009253691836250966,-19.99760765893363
153124,Lisa,0.08738331992159716,-19.965976165687053
153151,Lunca,0.5244609094642633,-18.666619918888088
153204,Mavrodin,-0.0,-21.0
153240,Magura,0.06805192609958721,-19.974930295311395
153277,Maldaeni,-0.0,-21.0
153295,Mereni,0.13550531791631254,-19.941386909793504
153339,Marzanesti,0.16970477534792772,-19.922178950852686
153384,Mosteni,0.041520096882461756,-19.986172888960102
153400,Nasturelu,-0.0,-21.0
153437,Necsesti,-0.0,-21.0
153473,Olteni,0.04475805514546427,-19.98487427544299
153507,Orbeasca,0.014193472733318703,-19.99608283545496
153543,Peretu,-0.0,-21.0
153561,Piatra,0.16466672738207255,-19.925091623471182
153589,Pietrosani,0.32348204704947603,-19.821164694214875
153605,Plosca,0.0286566156722431,-19.991095458603883
153623,Plopii-Slavitesti,0.05179873057153929,-19.98197609150789
153696,Poeni,0.22037543432802043,-19.891395432623373
153776,Vitanesti,0.09472937217948506,-19.96242513834052
153829,Putineiu,0.3006244436415384,-19.837554689326833
153865,Radoiesti,-0.0,-21.0
153909,Rasmiresti,-0.0,-21.0
153936,Salcia,0.06570882462238781,-19.975974718739735
153972,Saceni,0.025160407197273676,-19.992360692912793
154013,Scrioastea,0.15294193163433908,-19.931760801130196
154068,Scurtu Mare,-0.0,-21.0
154139,Seaca,0.21156462136912557,-19.896936277262416
154166,Sfintesti,-0.0,-21.0
154184,Segarcea-Vale,-0.0,-21.0
154228,Silistea,-0.0,-21.0
154282,Silistea-Gumesti,-0.0,-21.0
154308,Sarbeni,-0.0,-21.0
154344,Slobozia Mandra,-0.0,-21.0
154380,Smardioasa,0.3735389460910107,-19.783736568265553
154415,Stejaru,-0.0,-21.0
154460,Suhaia,-0.0,-21.0
154497,Storobaneasa,0.031728191766213616,-19.98995673391311
154521,Talpa,-0.0,-21.0
154585,Tatarastii De Jos,0.025361811260919152,-19.992288741251894
154665,Tatarastii De Sus,0.4226240767029078,-19.74506860983374
154709,Toporu,0.14905059614932176,-19.933939789767592
154736,Traian,0.2695783402060026,-19.859084159015367
154754,Trivalea-Mosteni,-0.0,-21.0
154790,Troianul,0.06433198689792952,-19.976584083915455
154834,Tiganesti,0.04213888086727918,-19.985926453065325
154852,Vedea,-0.0,-21.0
154914,Viisoara,-0.0,-21.0
154932,Vartoape,0.03820216634528634,-19.987479903819768
154978,Zambreasca,-0.0,-21.0
154996,Nenciulesti,-0.0,-21.0
155083,Beciu,-0.0,-21.0
155092,Beuca,-0.0,-21.0
155109,Dracea,0.05451392530088914,-19.980832466181063
155118,Fantanele,-0.0,-21.0
155127,Frasinet,0.07662423316383182,-19.971032102876443
155136,Purani,-0.0,-21.0
155145,Saelele,-0.0,-21.0
155154,Uda-Clocociov,-0.0,-21.0
155243,Municipiul Timisoara,0.5131477217041966,0.19758291900517633
155261,Dumbravita,0.6446773273388096,-8.683625947703822
155289,Ghiroda,0.32932518875565503,-10.874361494994446
155314,Giroc,0.28667939932687136,-11.90223229239616
155350,Municipiul Lugoj,0.5848793258428558,-6.749678712811526
155403,Oras Buzias,0.4631003655072618,-11.816478620349532
155458,Oras Deta,0.9938334892430204,-12.541349149974454
155494,Oras Jimbolia,0.7686487455307979,-8.634217285170692
155528,Oras Sannicolau Mare,0.8281930995635786,-11.644977935837519
155546,Balint,0.7060406181677527,-17.58413884887837
155591,Banloc,0.9161941486900343,-15.563096816807985
155662,Bara,-0.0,-21.0
155724,Beba Veche,0.7636174602784778,-17.521501974747295
155760,Becicherecu Mic,0.47929059801922713,-13.817901342423081
155797,Belint,0.12109772165255078,-16.960088533205166
155840,Bethausen,0.30230616417486933,-16.871214169943002
155911,Biled,0.4759395416625921,-16.792958970904344
155957,Barna,0.5952725499659814,-19.594637186351573
156035,Bogda,0.20062632469185254,-17.924865702479337
156106,Boldur,0.17121327089983357,-18.934078641044287
156151,Brestovat,0.6874955520172191,-15.654659160188995
156213,Carpinis,0.4468348240849836,-15.80263130650707
156259,Cenad,1.0469608334160836,-13.477600818570957
156277,Cenei,0.8849104831966508,-13.544162315496482
156311,Cheveresu Mare,0.9750873823839231,-16.481671858312566
156357,Oras Ciacova,0.6192944641951725,-14.73147980361896
156437,Comlosu Mare,0.7597036878541473,-13.60827201625215
156473,Costeiu,0.4904717283536368,-16.752954755208595
156534,Criciova,0.3327972164275895,-18.8211038295043
156589,Curtea,0.14968912068348636,-18.942569832736677
156623,Darova,0.4212826605240485,-15.782267369053976
156669,Denta,1.111820763577434,-14.468061662291738
156712,Dudestii Vechi,1.0125966969522082,-13.457703595893973
156767,Dumbrava,0.5226390340294976,-16.689921395033736
156801,Oras Faget,0.36974428978702095,-15.851480142575532
156927,Fardea,0.14645138858251344,-17.947896527643227
157004,Foeni,0.7183765608881578,-15.632179148767317
157031,Gavojdia,0.38066528114981785,-16.81807673603635
157086,Oras Gataia,0.7858114072707987,-12.622234393522678
157193,Ghizela,0.19640680857703752,-17.92504891232526
157246,Giarmata,0.21735618742130153,-11.926094631843277
157273,Giera,1.0045510083751683,-15.49643550267026
157317,Giulvaz,0.6382122337065781,-13.717538468755865
157362,Jamu Mare,0.3952084617361112,-15.838382693067828
157424,Jebel,0.29781176532420206,-15.879329243904326
157451,Lenauheim,0.557746385589205,-14.72799258573318
157497,Liebling,0.4249761599128879,-14.82315637928505
157530,Lovrin,0.40612068974662374,-13.842334267527317
157585,Margina,0.2378032377266074,-15.914200743560222
157683,Masloc,0.6370090826118029,-14.69880720454362
157736,Manastiur,0.30894371835562745,-16.874205134290577
157781,Moravita,0.5754475841924609,-12.763955354250495
157834,Mosnita Noua,0.4503530324407326,-13.789652592632857
157898,Nadrag,0.32714950907000484,-17.864826049229613
157923,Nitchidorf,0.33409048650388573,-16.8674873022993
157969,Ohaba Lunga,0.1946387273435477,-17.925760507348507
158010,Ortisoara,0.22810018887266043,-16.914573443964812
158065,Peciu Nou,0.6627927198819558,-14.676249179130448
158109,Periam,0.5237133211412639,-13.770485695353335
158136,Pietroasa,-0.0,-21.0
158181,Pischia,0.2922959326661022,-14.88671579843436
158243,Racovita,0.3830776175701943,-16.838044636146783
158314,Oras Recas,0.6947019362522675,-12.695310802317513
158396,Remetea Mare,0.10920377763455195,-17.961790738039024
158449,Sacosu Turcesc,0.5137119380004591,-16.752864503262796
158528,Satchinez,0.5263100972467608,-13.748675924638563
158564,Sacalaz,0.2581080768463388,-13.908078861104405
158608,Secas,-0.0,-21.0
158653,Sanandrei,0.24398268259487824,-14.9147377613935
158699,Sanmihaiu Roman,0.26652177639790187,-11.90571435493879
158733,Sanpetru Mare,0.8810635048341064,-14.538449867894329
158779,Sag,0.5255793027766418,-13.760573318999475
158804,Stiuca,0.7279473780452484,-16.52888027298802
158859,Teremia Mare,0.38657528195403196,-14.84398103131662
158895,Tomesti,0.16946537740870407,-17.9380259293955
158966,Topolovatu Mare,0.5621593630718831,-13.77067724422728
159035,Tormac,0.7782527181929895,-14.504670538276875
159071,Traian Vuia,0.35972813936560005,-17.841476372635853
159142,Uivar,0.7036709299427695,-15.62748182989477
159213,Varias,0.9854427156671515,-11.547183788739515
159259,Victor Vlad Delamarina,0.7428101765520113,-16.585544051963897
159339,Voiteg,0.5080621115809085,-12.785760901588295
159366,Birda,0.41463551598580106,-14.841555323847917
159375,Checea,1.0758277094187507,-15.424232315654322
159384,Dudestii Noi,0.41497554659549085,-14.82755670391289
159393,Fibis,0.22905145621415848,-17.906159294976128
159400,Ghilad,0.7874743647440929,-15.635570480895538
159419,Gottlob,0.48977466120931534,-15.796083448165358
159428,Iecea Mare,0.2759308637516889,-17.874652186285864
159437,Parta,0.6347850619067074,-15.721510342098014
159446,Padureni,0.12888827551135798,-17.9552433360057
159455,Saravale,0.8786831851300387,-14.524518244087915
159464,Sandra,0.12147785924119887,-16.960999946327124
159473,Tomnatic,0.7239621854778175,-14.684845487564433
159482,Valcani,0.17807921158125345,-17.931724258493094
159491,Livezile,0.4178996313134289,-16.82928064404432
159507,Pesac,0.27003431422192564,-17.875819078212082
159516,Bucovat,0.2544673845544389,-16.901359672080126
159525,Otelec,0.728267309766041,-17.510130208333333
159614,Municipiul Tulcea,0.36820447909760207,-2.8695076615277646
159650,Oras Babadag,0.6668931708912851,-13.649266659184908
159687,Oras Isaccea,0.2678603993814177,-17.886230949272665
159730,Oras Macin,0.3380003385313293,-15.85885205234144
159767,Oras Sulina,0.5110509529592041,-14.754966640243097
159785,Baia,0.06431145433814253,-15.982143436153912
159847,Beidaud,-0.0,-21.0
159883,C.a. Rosetti,0.838505614702634,-18.49857028140277
159945,Carcaliu,0.31298762535596,-19.82874546452747
159963,Casimcea,0.24884316949190463,-16.90106802164509
160047,Ceatalchioi,0.12178527869162559,-18.956375712806775
160092,Ceamurlia De Jos,0.0251951997281367,-19.99234827164281
160127,Cerna,0.007091131648725934,-19.9982358143713
160172,Chilia Veche,0.2471276568973366,-17.89335649252083
160225,Ciucurova,0.6435872539050405,-15.668368912342537
160261,Crisan,1.0176480988651435,-18.390072103829517
160305,Daeni,-0.0,-21.0
160323,Dorobantu,-0.0,-21.0
160387,Frecatei,0.09411019148074774,-18.96445928490475
160430,Greci,0.05543571436782401,-18.982658373057795
160458,Grindu,-0.0,-21.0
160476,Hamcearca,-0.0,-21.0
160528,Horia,-0.0,-21.0
160564,Izvoarele,0.7021055215630728,-18.50216098875715
160617,Jijila,-0.0,-21.0
160644,Jurilovca,0.6947557209469091,-16.522564438312365
160680,Luncavita,-0.0,-21.0
160724,Mahmudia,0.5304119271967364,-16.711594636030195
160779,Maliuc,0.15677153389703422,-18.93990693780485
160831,Mihai Bravu,0.020899893637559508,-19.99385431651084
160877,Mihail Kogalniceanu,0.08628584157075574,-16.971882327849272
160911,Murighiol,0.15854934378133542,-17.935884823332515
160993,Nalbant,0.009598026612272091,-19.997505201396837
161035,Niculitel,0.21576610052452416,-19.89430367564237
161053,Nufaru,-0.0,-21.0
161106,Ostrov,-0.0,-21.0
161133,Pardina,0.4101098497358828,-18.783128
161151,Peceneaga,-0.0,-21.0
161179,Sarichioi,0.6821344853083586,-18.514569841596355
161231,Sfantu Gheorghe,0.16593703118593145,-19.924359848719696
161259,Slava Cercheza,0.5241767091929608,-19.659214215688564
161286,Smardan,0.019947366513334536,-19.99418045693349
161302,Somova,0.015153255409010831,-18.996178770478014
161348,Stejaru,-0.0,-21.0
161384,Topolog,0.03680788622992145,-19.988021730372793
161464,Turcoaia,-0.0,-21.0
161482,Valea Nucarilor,-0.0,-21.0
161525,I.c.bratianu,0.04128386497962386,-19.98626675103033
161543,Vacareni,-0.0,-21.0
161552,Bestepe,0.058254890983273855,-17.982779721350845
161561,Valea Teilor,0.06867264811382934,-19.97465206623511
161794,Municipiul Barlad,0.10313452831675748,-12.961079030830854
161829,Municipiul Husi,0.03979955106322104,-15.988486069010715
161856,Oras Negresti,0.16874181293450827,-19.9227378265478
161945,Municipiul Vaslui,0.09130207393943683,-14.966854254182826
162014,Albesti,-0.0,-21.0
162069,Alexandru Vlahuta,-0.0,-21.0
162149,Arsura,-0.0,-21.0
162194,Banca,-0.0,-21.0
162327,Bacani,0.04207850030230259,-18.98744246749217
162381,Bacesti,0.39768971853234414,-19.76494917820069
162452,Balteni,0.04826802312365064,-18.985377226972464
162498,Berezeni,0.0069590577633594705,-19.99827325835821
162559,Blagesti,0.014561063352248726,-19.995965046752058
162595,Bogdana,-0.0,-21.0
162693,Bogdanesti,-0.0,-21.0
162791,Bogdanita,-0.0,-21.0
162871,Botesti,-0.0,-21.0
162924,Bunesti-Averesti,-0.0,-21.0
163002,Codaesti,-0.0,-21.0
163057,Coroiesti,-0.0,-21.0
163137,Costesti,0.027161464697957466,-19.991640690633986
163208,Cretesti,0.02647518507064675,-19.991888894641924
163253,Danesti,-0.0,-21.0
163324,Deleni,-0.0,-21.0
163379,Delesti,-0.0,-21.0
163486,Dragomiresti,0.3814520571800643,-19.777632162971294
163618,Dranceni,-0.0,-21.0
163681,Duda-Epureni,-0.0,-21.0
163734,Dumesti,0.2983486371686334,-19.839161824576774
163789,Epureni,-0.0,-21.0
163832,Falciu,0.011776599711012622,-18.997141860544865
163903,Gagesti,-0.0,-21.0
163967,Gherghesti,0.07692018237715935,-19.970895414759305
164062,Garceni,0.1675171492677146,-19.923447119572845
164133,Grivita,-0.0,-21.0
164197,Hoceni,-0.0,-21.0
164277,Dimitrie Cantemir,-0.0,-21.0
164339,Iana,-0.0,-21.0
164393,Ivanesti,0.07630409121567287,-19.97117980928143
164543,Ivesti,-0.0,-21.0
164598,Laza,-0.0,-21.0
164687,Lipovat,0.04967456243611687,-18.983910735187322
164749,Lunca Banului,-0.0,-21.0
164829,Malusteni,-0.0,-21.0
164892,Miclesti,-0.0,-21.0
164936,Muntenii De Jos,0.00899396719301514,-19.99768451830617
164981,Oras Murgeni,0.5251390410853848,-19.658364203929082
165069,Oltenesti,-0.0,-21.0
165130,Osesti,0.09109246563427986,-19.964192960268488
165185,Padureni,-0.0,-21.0
165274,Perieni,-0.0,-21.0
165336,Poienesti,0.008453430209682521,-19.9978432807305
165416,Pogana,-0.0,-21.0
165470,Puiesti,-0.0,-21.0
165611,Pungesti,0.29154952348549334,-19.843936225982112
165719,Rebricea,0.007204464084305046,-19.998203594266265
165817,Rosiesti,-0.0,-21.0
165899,Solesti,-0.0,-21.0
165979,Stanilesti,-0.0,-21.0
166057,Stefan Cel Mare,-0.0,-21.0
166137,Suletea,-0.0,-21.0
166182,Tanacu,-0.0,-21.0
166235,Tacuta,0.06987248176126915,-19.974112442687566
166315,Tatarani,-0.0,-21.0
166413,Todiresti,-0.0,-21.0
166529,Tutova,-0.0,-21.0
166636,Valeni,0.006423345196790171,-19.998423956851
166672,Vetrisoaia,-0.0,-21.0
166707,Viisoara,0.012083355298775057,-19.996747976105848
166770,Vinderei,-0.0,-21.0
166869,Voinesti,-0.0,-21.0
166985,Vulturesti,-0.0,-21.0
167035,Vutcani,-0.0,-21.0
167071,Zapodeni,-0.0,-21.0
167179,Zorleni,0.030394288160955962,-19.990454264352884
167222,Ibanesti,-0.0,-21.0
167231,Fruntiseni,-0.0,-21.0
167240,Rafaila,-0.0,-21.0
167259,Pogonesti,-0.0,-21.0
167268,Ciocani,-0.0,-21.0
167277,Cozmesti,0.4313131595560702,-19.738027033364244
167286,Dodesti,-0.0,-21.0
167295,Feresti,-0.0,-21.0
167302,Muntenii De Sus,-0.0,-21.0
167311,Pochidia,-0.0,-21.0
167320,Puscasi,0.03337759727046771,-19.98933531279857
167473,Municipiul Ramnicu Valcea,0.09969929429220672,-7.966325129985703
167641,Oras Baile Govora,0.053047454380853294,-19.981451878678136
167696,Oras Baile Olanesti,0.06741181427060196,-19.975216540276833
167794,Oras Brezoi,0.3358333427130605,-15.825165980929306
167909,Oras Calimanesti,0.2402509406666832,-16.885143254315977
167981,Municipiul Dragasani,0.23660010341876064,-18.882190406196703
168041,Oras Horezu,0.0738047808504189,-18.973281880307244
168130,Oras Ocnele Mari,0.05790818138866178,-18.982005971982613
168229,Alunu,0.1645558204491106,-19.92515542820137
168309,Amarasti,-0.0,-21.0
168372,Oras Babeni,0.17661047360160614,-19.9181415592287
168452,Oras Balcesti,0.10532386543086877,-19.957169459875246
168559,Barbatesti,-0.0,-21.0
168602,Oras Berbesti,0.045820206180586256,-19.98444347994998
168675,Berislavesti,-0.0,-21.0
168755,Boisoara,-0.0,-21.0
168791,Budesti,0.055354513150794024,-19.980475591839582
168880,Bujoreni,0.15752809354049097,-19.929170558037555
168960,Bunesti,0.2647393463747513,-19.86236196548336
169039,Cernisoara,-0.0,-21.0
169119,Caineni,0.27772884301553497,-19.853515255771843
169182,Copaceni,-0.0,-21.0
169253,Costesti,0.015740060382050673,-19.995583617845007
169306,Creteni,0.06403539767391377,-19.976714923147032
169351,Daesti,0.30752048703141094,-19.832657308500924
169404,Danicei,-0.0,-21.0
169547,Dragoesti,-0.0,-21.0
169583,Fauresti,-0.0,-21.0
169681,Fartatesti,-0.0,-21.0
169896,Francesti,0.3188724729828505,-19.824506053471264
169994,Galicea,-0.0,-21.0
170097,Ghioroiu,-0.0,-21.0
170168,Glavile,-0.0,-21.0
170220,Golesti,-0.0,-21.0
170346,Gradistea,0.12498699372460617,-19.947017879204346
170444,Gusoeni,-0.0,-21.0
170514,Ionesti,0.013029494937025196,-19.99645211460041
170612,Lalosu,0.45413531881734004,-19.719256422337185
170685,Ladesti,-0.0,-21.0
170792,Lapusata,-0.0,-21.0
170872,Livezi,-0.0,-21.0
170952,Lungesti,0.2593640110752199,-19.865977983812297
171021,Malaia,-0.0,-21.0
171067,Mateesti,-0.0,-21.0
171101,Maciuca,-0.0,-21.0
171209,Madulari,-0.0,-21.0
171272,Maldaresti,-0.0,-21.0
171325,Mihaesti,0.03059359620849187,-19.99038021510661
171469,Milcoiu,-0.0,-21.0
171539,Muereasca,0.06887081135079172,-19.974563107332806
171628,Nicolae Balcescu,-0.0,-21.0
171806,Olanu,-0.0,-21.0
171879,Orlesti,-0.0,-21.0
171931,Otesani,0.035712730545008335,-19.98844414995224
171995,Pausesti,-0.0,-21.0
172082,Pausesti-Maglasi,0.18587244623169213,-18.91491009340587
172153,Perisani,-0.0,-21.0
172279,Pesceana,-0.0,-21.0
172340,Pietrari,-0.0,-21.0
172377,Popesti,-0.0,-21.0
172457,Prundeni,0.03242431745558048,-18.99049269990994
172509,Racovita,0.28834808272626483,-19.8461702181914
172581,Roesti,-0.0,-21.0
172698,Rosiile,-0.0,-21.0
172812,Runcu,0.03298180381719246,-19.98948504664125
172894,Salatrucel,0.03317319948563808,-19.98941268738453
172947,Scundu,-0.0,-21.0
172992,Sinesti,-0.0,-21.0
173061,Slatioara,-0.0,-21.0
173132,Stanesti,-0.0,-21.0
173230,Stoenesti,-0.0,-21.0
173374,Stoilesti,-0.0,-21.0
173533,Stroesti,-0.0,-21.0
173597,Sutesti,0.020661010540280106,-19.99393638755742
173686,Sirineasa,0.02284310276013715,-19.993179960499383
173748,Stefanesti,-0.0,-21.0
173793,Susani,0.009686646410792992,-19.997478730773953
173855,Tetoiu,-0.0,-21.0
173935,Tomsani,0.031008878298545157,-19.99022559553611
174021,Vaideeni,0.22718497979632354,-19.88706088206346
174085,Valea Mare,-0.0,-21.0
174156,Vladesti,0.12751099119055387,-19.945679065743946
174218,Voicesti,0.1467954810217818,-19.935194572998597
174254,Voineasa,0.019542337228798022,-19.99431822793646
174290,Zatreni,-0.0,-21.0
174496,Titesti,0.041917588986318984,-19.986014679627058
174502,Diculesti,-0.0,-21.0
174511,Lacusteni,-0.0,-21.0
174520,Mitrofani,-0.0,-21.0
174744,Municipiul Focsani,0.0867304121519672,-10.970087548505445
174780,Campineanca,0.028808840094020405,-19.991039608011206
174824,Golesti,0.016089766440301453,-19.99546944192994
174860,Municipiul Adjud,0.2408454263091454,-19.8782304527292
174922,Oras Marasesti,0.28363644695565127,-18.85191167269626
175019,Oras Odobesti,0.07631896974673684,-16.97363724276106
175055,Oras Panciu,0.08576943004231935,-17.969329317610267
175126,Andreiasu De Jos,-0.0,-21.0
175206,Balesti,0.05252224032970758,-19.98167272701439
175224,Barsesti,-0.0,-21.0
175260,Boghesti,-0.0,-21.0
175368,Bolotesti,-0.0,-21.0
175439,Bordesti,0.14927831870842218,-19.93381275414641
175466,Brosteni,-0.0,-21.0
175509,Chiojdeni,0.5812867714190628,-19.607622749780184
175590,Ciorasti,0.2582966256669934,-19.866692860225015
175670,Campuri,0.01673404524388351,-19.995257880966175
175732,Carligele,0.01004871850568509,-19.997370155775364
175787,Corbita,0.019960624825355277,-19.994175937854834
175885,Cotesti,0.013147371300082384,-19.99641497907117
175938,Dumbraveni,0.030210299552290765,-18.99136057187195
175983,Dumitresti,0.00558341808976091,-19.998656215613053
176150,Fitionesti,-0.0,-21.0
176212,Garoafa,0.017977795064404153,-18.99537011986527
176301,Gugesti,0.02316683763619362,-19.99306647323632
176338,Gura Calitei,-0.0,-21.0
176445,Homocea,0.29967415867553954,-19.838226313846253
176506,Jaristea,0.0229408283744674,-19.993145735897233
176551,Jitia,-0.0,-21.0
176613,Maicanesti,0.0945309978264808,-19.96252205162523
176686,Mera,0.007306103790534824,-19.998174628843053
176748,Milcovul,0.03036958771833483,-19.990463434185
176793,Movilita,0.014103800157787694,-19.99611148591668
176855,Nanesti,0.023740716271221093,-19.99286451553823
176891,Naruja,-0.0,-21.0
176944,Nereju,-0.0,-21.0
177003,Nistoresti,-0.0,-21.0
177101,Paltin,-0.0,-21.0
177236,Paunesti,0.012180658535019935,-19.996717733158192
177263,Poiana Cristei,0.009025106465411475,-19.997675322791586
177352,Pufesti,0.1608744476455223,-19.927265574508482
177405,Racoasa,0.1536502475172742,-18.9337874012431
177469,Reghiu,-0.0,-21.0
177557,Ruginesti,0.0486735029585766,-19.98327478589055
177600,Sihlea,0.23091094499123022,-19.884670095580383
177655,Slobozia Bradului,0.5468255897325243,-19.639032006140397
177726,Slobozia Ciorasti,-0.0,-21.0
177762,Soveja,-0.0,-21.0
177799,Straoane,0.021533035842618155,-18.99426023280805
177842,Suraia,0.14593864254252295,-19.935669784654344
177879,Tanasoaia,-0.0,-21.0
177986,Tataranu,0.06111308611861035,-19.97799591245998
178046,Tamboesti,0.6931345907407922,-19.500012589766317
178117,Tulnici,0.11444069359041555,-19.95252507288074
178180,Tifesti,0.00650896563890234,-19.99840000102564
178279,Urechesti,0.049495581665178784,-19.982935030905672
178313,Valea Sarii,-0.0,-21.0
178377,Vidra,0.052951517244216234,-18.98321338280652
178475,Vintileasca,-0.0,-21.0
178545,Vizantea-Livezi,0.006555009057114798,-19.99838709782486
178607,Vanatori,0.01957236630614586,-17.995150793940446
178689,Vartescoiu,-0.0,-21.0
178750,Vrancioaia,-0.0,-21.0
178821,Vulturu,0.16016765889708423,-19.92766897488149
178885,Negrilesti,-0.0,-21.0
178894,Ploscuteni,-0.0,-21.0
178901,Popesti,0.008878280498677699,-19.99771863415392
178910,Paulesti,-0.0,-21.0
178929,Biliesti,-0.0,-21.0
178938,Gologanu,-0.0,-21.0
178947,Obrejita,0.06075518625819164,-19.9781517664399
178956,Rastoaca,-0.0,-21.0
178965,Spulber,-0.0,-21.0
179132,Municipiul Bucuresti,0.16901204793950633,0.05252686593839151
179221,Oras Bragadiru,0.14274895822263653,-13.950307878053183
179249,Chiajna,0.06230444299670175,-14.982509398632018
179285,Oras Chitila,0.18491748182790685,-16.917566297298904
179310,Dobroesti,0.1977420732725132,-13.928603609396431
179347,Glina,0.5301309089928534,-15.666685733341637
179383,Jilava,0.42468016431849015,-14.763497784523747
179409,Oras Magurele,0.12159946767996033,-15.954747981613231
179463,Mogosoaia,0.160651580292778,-13.943557187153205
179481,Oras Otopeni,0.08769679034977967,-8.977110398594286
179515,Oras Pantelimon,0.2688813896693432,-8.882547188469081
179533,Oras Popesti Leordeni,0.08826462209091632,-12.97358330058638
179551,Oras Voluntari,0.3071723303510308,-3.9002425586643286
179588,Copaceni,0.06721485206909834,-19.975304479303333
179604,Poienile Izei,-0.0,-21.0
179613,Sieu,-0.0,-21.0
179622,Grosii Tiblesului,0.2793258640671209,-18.875675161622432
179631,Treznea,0.2965550805494286,-19.840425214249457
179640,Vulcana-Pandele,0.027759168554559486,-18.992031096397906
179659,Negrilesti,0.027273222656087993,-18.99245921898171
179677,Camin,0.9634125560168052,-17.47800730886734
179686,Dumitrita,0.5112957029897175,-18.676190867596183
179695,Simisna,0.28608127992721755,-19.847746529013882
179702,Traian,0.45385335913987324,-19.719490744230487
179711,Vladeni,0.32993141274685,-19.81645946586483
179720,Poiana Ilvei,-0.0,-21.0
179739,Malu,0.04997179568073298,-19.982737605731693
179748,Cosoba,-0.0,-21.0
179757,Herasti,0.5127690689927863,-18.675669021338763
179766,Isvoarele,0.11913580415735742,-19.95009082876056
179775,Sabareni,0.09327658096542296,-19.963133582812656
179784,Boranesti,0.6575191732371659,-19.535202835217575
179793,Buesti,-0.0,-21.0
179800,Maia,0.047843061540957715,-19.983616628500457
179819,Ograda,0.1268583977110229,-19.946025981759306
179828,Rosiori,-0.0,-21.0
179837,Coas,0.024203802391878144,-19.99270082786566
179846,Coltau,0.8742878401566145,-18.455504990415758
179855,Gardani,0.01871031921805758,-19.994599499537333
179864,Oncesti,-0.0,-21.0
179873,Agris,0.8265647171663151,-18.50624317813994
179882,Ciumesti,0.9400354767438625,-17.502255830957942
179891,Raciu,0.038760538515670184,-19.987261669953977
179908,Pietrari,0.054316044605306237,-19.980916284573883
179917,Rau Alb,-0.0,-21.0
179926,Rascaeti,-0.0,-21.0
179935,Persinari,0.20568597175841993,-19.900590200480387
179944,Runcu Salvei,-0.0,-21.0
179953,Ciceu- Mihaiesti,0.6935940199236004,-18.587358226238358
179962,Galbinasi,0.5473238699627706,-19.63858385827658
179971,Colelia,0.056739499721236986,-19.97988472577022
179980,Marculesti,0.022753792107286223,-19.993211212496938
179999,Moldoveni,-0.0,-21.0
180000,Platonesti,-0.0,-21.0
180019,Sarateni,0.2011583638650536,-19.903380635286428
180028,Porumbesti,0.5338896816973999,-18.693898914167363
180037,Boghis,0.7768353578332454,-18.545399917827133
180046,Gura Ialomitei,-0.0,-21.0
180055,Crivat,0.19289067387240166,-18.912061919239665
180064,Barbulesti,0.1419636526747829,-19.937863130620332
180091,Racsa,0.014477099173198175,-19.99599200012903
